,sumCvsDsAbs
20,"[110, 128, 86, 107, 128, 147, 115, 114, 160, 104, 0, 0, 136, 121, 0, 0, 129, 132, 110, 125, 130, 49, 128, 76, 118, 110, 0, 0, 114, 92]"
27,"[2598, 2495, 2417, 2424, 2320, 2340, 2385, 2804, 2109, 2123, 2070, 2264, 2366, 2199, 2445, 2231, 2339, 2479, 1958, 1950, 2257, 2388, 2778, 2468, 2312, 2390, 2263, 2581, 2382, 2502]"
50,"[157, 206, 182, 225, 286, 191, 317, 310, 292, 285, 90, 128, 209, 196, 152, 0, 252, 185, 242, 283, 195, 236, 208, 261, 232, 208, 121, 121, 176, 202]"
52,"[32, 17, 35, 48, 35, 40, 60, 41, 38, 31, 38, 30, 24, 34, 27, 33, 23, 43, 36, 31, 42, 21, 58, 47, 46, 47, 33, 52, 51, 28]"
57,"[98, 126, 1788, 80, 12531, 39, 97, 68, 710, 114, 60, 26, 42, 33, 42, 63, 86, 101, 98, 71, 49, 54, 46, 84, 93, 89, 61, 43, 75, 51]"
59,"[0, 24, 0, 0, 1, 0, 0, 1, 0, 4, 0, 0, 1, 0, 1, 0, 0, 0, 0, 0, 0, 1, 7, 0, 36, 33, 0, 7, 20, 11]"
82,"[29, 25, 23, 22, 21, 21, 16, 27, 21, 30, 14, 22, 26, 22, 20, 8, 30, 13, 44, 45, 18, 25, 22, 20, 14, 16, 13, 17, 26, 17]"
83,"[26, 167, 435, 275, 438, 307, 254, 212, 386, 278, 496, 315, 491, 0, 469, 216, 202, 119, 269, 281, 488, 221, 442, 246, 393, 324, 442, 269, 425, 296]"
88,"[0, 0, 0, 0, 0, 0, 0, 0, 0, 0, 0, 0, 0, 0, 0, 0, 0, 0, 0, 0, 0, 0, 0, 0, 0, 0, 0, 0, 0, 0]"
100,"[0, 0, 0, 0, 0, 0, 0, 0, 0, 0, 0, 0, 0, 0, 0, 0, 0, 0, 0, 0, 0, 0, 0, 0, 0, 0, 0, 0, 0, 0]"
121,"[1273, 1445, 1472, 1923, 1401, 1809, 1286, 1735, 1551, 1267, 1373, 1230, 1743, 0, 1762, 1480, 1303, 1284, 1755, 1516, 1609, 1559, 1619, 1456, 1403, 2482, 1497, 1666, 1671, 1732]"
163,"[66, 75, 102, 109, 93, 113, 105, 86, 101, 76, 110, 81, 106, 101, 77, 77, 95, 99, 77, 76, 117, 106, 92, 92, 99, 86, 101, 100, 117, 88]"
167,"[21, 18, 5, 13, 13, 8, 14, 14, 16, 16, 17, 13, 12, 13, 11, 8, 12, 17, 14, 19, 14, 10, 5, 12, 13, 13, 11, 12, 11, 10]"
179,"[51, 34, 63, 64, 58, 52, 56, 61, 85, 50, 53, 43, 38, 34, 56, 59, 39, 56, 68, 32, 57, 128, 39, 39, 51, 40, 39, 58, 21, 30]"
189,"[0, 0, 0, 0, 0, 0, 0, 0, 0, 0, 0, 0, 0, 0, 0, 0, 0, 0, 0, 0, 0, 0, 0, 0, 0, 0, 0, 0, 0, 0]"
205,"[183, 146, 191, 212, 175, 191, 236, 209, 212, 215, 217, 231, 140, 159, 166, 134, 226, 172, 206, 208, 400, 211, 212, 220, 246, 151, 189, 219, 125, 137]"
215,"[90, 85, 57, 83, 111, 88, 79, 72, 114, 103, 66, 112, 87, 70, 86, 95, 89, 73, 73, 100, 85, 101, 92, 73, 81, 88, 85, 92, 52, 86]"
220,"[0, 0, 0, 0, 0, 0, 0, 0, 0, 0, 0, 0, 0, 0, 0, 0, 0, 6, 0, 0, 0, 0, 0, 0, 0, 0, 0, 0, 0, 0]"
226,"[703, 439, 469, 268, 739, 290, 1682, 354, 133, 113, 637, 812, 0, 0, 284, 0, 320, 25, 192, 149, 149, 231, 415, 240, 400, 269, 529, 230, 7, 0]"
227,"[0, 0, 0, 0, 0, 0, 0, 0, 0, 0, 0, 0, 0, 0, 0, 0, 0, 0, 0, 0, 1, 0, 0, 0, 2, 0, 0, 0, 0, 2]"
243,"[254, 199, 250, 226, 218, 236, 263, 189, 189, 249, 213, 282, 280, 251, 222, 247, 234, 187, 227, 195, 250, 300, 241, 191, 137, 230, 233, 250, 222, 184]"
246,"[138, 186, 230, 134, 123, 163, 185, 149, 178, 165, 156, 187, 175, 167, 244, 269, 160, 165, 131, 178, 154, 174, 160, 187, 136, 164, 126, 299, 168, 131]"
266,"[2, 493, 0, 9, 0, 0, 3, 0, 6, 1, 0, 0, 0, 1, 16, 0, 1, 0, 1, 7, 0, 0, 29, 0, 0, 0, 0, 0, 0, 0]"
294,"[21, 23, 18, 25, 31, 22, 28, 17, 26, 31, 28, 38, 34, 36, 34, 27, 43, 35, 20, 35, 19, 24, 45, 26, 22, 21, 57, 41, 32, 34]"
311,"[893, 2565, 36, 44, 70, 1278, 921, 56, 84, 55, 947, 1685, 55, 82, 861, 898, 49, 1107, 76, 1142, 2036, 106, 65, 708, 789, 958, 1034, 913, 65, 55]"
329,"[14, 24, 37, 47, 37, 82, 74, 96, 46, 61, 78, 101, 51, 31, 168, 40, 47, 100, 51, 49, 49, 54, 43, 28, 46, 104, 73, 51, 51, 57]"
340,"[78, 61, 35, 33, 28, 51, 27, 44, 53, 56, 48, 89, 65, 77, 46, 27, 41, 76, 66, 72, 63, 47, 31, 44, 48, 38, 36, 64, 61, 46]"
342,"[8, 10, 10, 10, 7, 16, 391, 2, 2, 11, 10, 362, 299, 8, 11, 14, 14, 9, 5, 4, 7, 9, 7, 16, 6, 10, 6, 336, 6, 10]"
357,"[10, 8, 3, 1, 8, 1, 17, 22, 4, 8, 22, 9, 18, 25, 10, 4, 1, 19, 13, 8, 4, 9, 10, 8, 14, 14, 6, 3, 5, 14]"
359,"[0, 0, 302, 0, 0, 1, 2, 1327, 1, 0, 682, 0, 1483, 0, 0, 0, 0, 0, 0, 4, 1, 0, 0, 0, 0, 0, 0, 0, 7, 4]"
366,"[205, 195, 136, 204, 179, 186, 199, 174, 178, 248, 166, 197, 292, 161, 217, 149, 202, 195, 249, 313, 135, 202, 233, 198, 299, 209, 164, 186, 174, 182]"
367,"[6, 5, 5, 3, 68, 6, 0, 1, 109, 38, 4, 5, 1, 3, 0, 3, 6, 3, 2, 1, 3, 1, 0, 0, 5, 1, 4, 18, 4, 4]"
369,"[630, 1025, 2508, 2532, 2272, 2400, 1786, 1954, 1753, 1897, 3244, 2455, 2567, 2650, 2087, 0, 2073, 1928, 1819, 3214, 3317, 2605, 2257, 2458, 2093, 1629, 1959, 2042, 2317, 2494]"
385,"[532, 518, 775, 727, 675, 742, 728, 782, 695, 686, 579, 587, 719, 718, 819, 908, 645, 763, 598, 559, 575, 707, 915, 550, 689, 678, 756, 909, 784, 982]"
389,"[127, 155, 212, 200, 179, 217, 140, 390, 278, 310, 302, 146, 143, 317, 159, 236, 202, 212, 266, 282, 684, 167, 247, 255, 546, 184, 230, 200, 256, 883]"
418,"[47, 65, 75, 42, 43, 57, 63, 54, 38, 45, 70, 70, 71, 38, 66, 54, 48, 49, 55, 70, 110, 44, 56, 34, 41, 56, 42, 60, 67, 29]"
440,"[6, 5, 4, 17, 6, 10, 4, 10, 9, 4, 15, 1754, 3, 5, 5, 4, 9, 24, 11, 10, 6, 8, 7, 13, 6, 5, 5, 7, 9, 1]"
444,"[2, 8, 164, 16, 270, 23, 11, 0, 27, 0, 0, 0, 0, 0, 14, 0, 143, 12, 11, 0, 19, 0, 307, 40, 0, 0, 5, 0, 0, 16]"
450,"[900, 775, 930, 960, 989, 943, 853, 973, 952, 972, 1292, 869, 0, 0, 0, 0, 0, 0, 717, 898, 1250, 1027, 0, 0, 816, 738, 199, 0, 0, 0]"
451,"[148, 168, 104, 96, 59, 243, 104, 116, 95, 76, 189, 99, 82, 83, 72, 71, 109, 112, 135, 110, 116, 131, 50, 94, 106, 65, 87, 79, 94, 132]"
458,"[736, 749, 859, 883, 767, 835, 825, 719, 962, 979, 540, 426, 1108, 1328, 716, 635, 597, 673, 848, 542, 780, 828, 431, 493, 721, 621, 791, 715, 787, 767]"
460,"[142, 149, 150, 341, 392, 136, 113, 118, 140, 151, 137, 1824, 127, 127, 135, 126, 97, 811, 147, 159, 170, 148, 118, 511, 133, 141, 112, 114, 118, 127]"
465,"[72, 62, 89, 82, 106, 74, 67, 90, 88, 76, 93, 104, 86, 115, 82, 96, 92, 116, 52, 61, 76, 64, 93, 92, 92, 89, 63, 92, 110, 91]"
466,"[65, 87, 89, 71, 64, 95, 78, 97, 104, 83, 94, 90, 21, 41, 68, 67, 42, 40, 107, 86, 108, 76, 198, 90, 67, 72, 61, 82, 31, 29]"
477,"[9, 20, 9, 7, 8, 19, 19, 15, 14, 18, 10, 19, 24, 9, 11, 0, 7, 13, 14, 8, 12, 9, 4, 6, 17, 9, 14, 11, 13, 3]"
480,"[339, 354, 287, 292, 338, 346, 230, 268, 272, 307, 292, 345, 366, 268, 405, 387, 403, 341, 352, 340, 339, 289, 407, 372, 284, 268, 392, 389, 264, 279]"
488,"[2827, 2836, 3040, 3159, 2926, 2477, 3509, 3559, 3505, 3378, 3025, 2989, 2439, 2817, 3138, 3243, 2701, 2730, 3235, 3379, 3025, 3185, 2758, 2762, 3360, 3605, 2764, 3612, 2414, 2814]"
507,"[15, 9, 22, 8, 20, 8, 12, 16, 8, 3, 141, 12, 7, 3, 29, 22, 8, 14, 13, 57, 5, 26, 8, 8, 18, 12, 6, 5, 9, 9]"
510,"[1945, 2016, 2920, 2334, 2088, 1883, 1788, 1950, 2443, 2179, 2047, 2095, 1716, 2476, 1897, 2627, 2123, 1945, 2325, 2380, 2041, 1991, 2176, 2238, 1995, 1552, 2529, 2231, 2693, 2291]"
522,"[248, 310, 293, 281, 351, 295, 363, 272, 281, 296, 337, 312, 331, 358, 238, 255, 310, 388, 350, 281, 378, 276, 360, 344, 259, 361, 197, 232, 258, 365]"
523,"[74, 29, 40, 62, 48, 30, 35, 29, 20, 25, 28, 24, 97, 47, 4, 1, 16, 9, 27, 19, 16, 16, 0, 1, 0, 0, 27, 35, 43, 39]"
554,"[29, 52, 25, 33, 25, 18, 32, 23, 28, 31, 23, 36, 24, 22, 27, 32, 22, 43, 29, 20, 24, 18, 22, 29, 19, 166, 100, 22, 12, 33]"
573,"[155, 170, 188, 204, 231, 166, 249, 208, 177, 192, 178, 168, 131, 234, 167, 202, 189, 204, 125, 203, 225, 223, 145, 204, 171, 185, 165, 139, 205, 201]"
576,"[366, 215, 281, 131, 284, 168, 246, 494, 233, 402, 145, 155, 2367, 529, 202, 181, 300, 793, 102, 125, 291, 297, 194, 204, 348, 371, 355, 339, 486, 420]"
581,"[195, 252, 252, 431, 269, 200, 327, 248, 270, 228, 285, 276, 287, 211, 260, 233, 270, 256, 216, 251, 219, 568, 250, 250, 257, 183, 246, 4911, 249, 255]"
588,"[0, 0, 1, 0, 3, 3, 0, 0, 0, 0, 0, 0, 14604, 47719, 2, 0, 3019, 3404, 0, 0, 0, 0, 1, 0, 0, 0, 0, 1, 44140, 39924]"
603,"[604, 604, 239, 176, 167, 167, 181, 258, 164, 200, 113, 136, 198, 203, 124, 180, 188, 174, 687, 226, 155, 182, 240, 188, 189, 200, 220, 164, 225, 191]"
617,"[205, 178, 0, 0, 0, 0, 0, 0, 0, 0, 0, 0, 159, 103, 0, 0, 87, 122, 80, 0, 0, 0, 0, 0, 0, 0, 0, 0, 150, 148]"
627,"[91, 103, 162, 204, 222, 195, 103, 99, 126, 112, 126, 135, 359, 347, 183, 262, 344, 414, 101, 105, 93, 122, 351, 394, 122, 97, 195, 233, 375, 475]"
638,"[14, 22, 19, 22, 14, 27, 9, 23, 11, 13, 10, 14, 14, 20, 10, 14, 13, 13, 12, 13, 3, 8, 10, 18, 9, 12, 19, 13, 11, 11]"
644,"[35, 56, 76, 45, 44, 35, 48, 45, 23, 54, 42, 36, 40, 25, 23, 37, 36, 75, 61, 79, 29, 74, 35, 39, 40, 89, 91, 25, 92, 55]"
672,"[0, 0, 2, 0, 2, 0, 0, 0, 6, 2, 2, 0, 2, 5, 2, 0, 4, 0, 0, 1, 4, 5, 0, 0, 0, 0, 0, 0, 0, 2]"
675,"[81, 92, 92, 68, 112, 90, 112, 113, 114, 102, 97, 106, 106, 81, 90, 88, 99, 117, 90, 102, 103, 117, 117, 113, 90, 108, 93, 112, 92, 117]"
696,"[12, 10, 13, 194, 10, 13, 16, 12, 20, 14, 12, 17, 12, 22, 16, 15, 19, 24, 22, 8, 14, 21, 28, 1, 23, 64, 55, 12, 16, 7]"
715,"[17, 23, 36, 48, 45, 22, 31, 22, 38, 44, 21, 42, 31, 37, 54, 27, 20, 28, 17, 22, 35, 21, 34, 31, 49, 37, 30, 29, 33, 42]"
718,"[64, 130, 128, 104, 167, 126, 124, 166, 168, 194, 167, 76, 114, 106, 166, 131, 298, 90, 90, 127, 173, 144, 132, 189, 152, 123, 91, 102, 98, 110]"
748,"[8, 15, 10, 14, 8, 9, 7, 18, 3, 12, 16, 18, 12, 10, 12, 9, 11, 314, 9, 6, 11, 3, 6, 12, 13, 9, 10, 10, 6, 6]"
754,"[131, 106, 145, 149, 164, 167, 142, 141, 150, 178, 153, 173, 194, 161, 134, 150, 176, 183, 131, 139, 138, 135, 224, 181, 152, 164, 169, 170, 179, 169]"
764,"[340, 321, 289, 273, 353, 331, 312, 305, 279, 299, 309, 267, 247, 297, 289, 248, 282, 279, 372, 290, 278, 358, 293, 288, 340, 303, 233, 271, 499, 218]"
793,"[178, 268, 228, 300, 423, 299, 274, 279, 268, 202, 214, 224, 185, 226, 313, 282, 231, 260, 203, 196, 214, 208, 253, 341, 554, 291, 248, 243, 249, 276]"
828,"[874, 554, 648, 580, 2107, 628, 550, 586, 897, 5866, 682, 631, 458, 415, 611, 628, 528, 358, 635, 758, 503, 738, 855, 779, 649, 514, 558, 623, 373, 433]"
838,"[1635, 1839, 1528, 1654, 1303, 1372, 1305, 1645, 1533, 1606, 1741, 1584, 939, 1386, 1402, 1362, 1862, 1476, 1922, 2064, 1916, 0, 1265, 1424, 1480, 1611, 1266, 1037, 1222, 1182]"
840,"[324, 191, 235, 306, 270, 182, 249, 320, 301, 233, 175, 225, 153, 132, 205, 0, 222, 212, 178, 200, 7545, 2920, 224, 595, 192, 221, 253, 309, 161, 146]"
850,"[95, 37, 24, 45, 59, 51, 100, 29, 45, 38, 68, 63, 33, 58, 31, 52, 53, 25, 50, 57, 22, 43, 33, 60, 28, 23, 42, 61, 40, 65]"
883,"[0, 0, 29, 29, 19, 50, 0, 10, 32, 11, 2, 0, 0, 28, 32, 16, 19, 0, 13, 14, 16, 28, 35, 10, 23, 4, 8, 3, 40, 16]"
907,"[84, 27, 1, 8, 2, 0, 10, 15, 5, 16, 0, 0, 0, 0, 0, 0, 0, 32, 77, 34, 1, 0, 18, 0, 5, 3, 2, 0, 0, 0]"
908,"[3, 9, 3, 7, 5, 7, 11, 6, 6, 8, 23, 21, 3, 9, 2, 2, 7, 6, 5, 8, 5, 2, 4, 4, 25, 2, 1, 1, 3182, 7]"
922,"[11, 36, 13, 30, 12, 48, 47, 22, 12, 26, 39, 44, 10, 35, 36, 31, 47, 15, 82, 20, 41, 22, 25, 51, 49, 27, 31, 51, 51, 30]"
940,"[97, 130, 79, 77, 73, 60, 79, 79, 98, 121, 128, 93, 61, 82, 43, 22, 36, 48, 87, 101, 184, 76, 35, 41, 103, 124, 53, 63, 59, 61]"
949,"[392, 308, 396, 327, 369, 373, 385, 345, 322, 339, 315, 333, 393, 388, 372, 306, 381, 426, 362, 342, 308, 333, 386, 381, 363, 391, 367, 338, 362, 366]"
977,"[1420, 1310, 1818, 1420, 1479, 1384, 1442, 1430, 1150, 1028, 1202, 1690, 1312, 1467, 1402, 1414, 1310, 1218, 1863, 1535, 1283, 1256, 1369, 1331, 1289, 1318, 1337, 1190, 1435, 1450]"
983,"[189, 185, 186, 150, 200, 158, 365, 244, 241, 195, 1644, 298, 312, 234, 225, 212, 247, 265, 217, 229, 268, 269, 175, 127, 1945, 473, 178, 707, 176, 189]"
990,"[80, 47, 49, 33, 52, 56, 54, 28, 59, 61, 36, 91, 31, 49, 66, 53, 52, 73, 65, 51, 37, 74, 91, 51, 44, 59, 50, 91, 50, 56]"
993,"[32, 8, 46, 19, 38, 40, 23, 37, 27, 26, 13, 21, 16, 34, 28, 33, 35, 7, 6, 35, 17, 39, 25, 29, 22, 38, 17, 32, 37, 29]"
994,"[30, 51, 102, 26, 25, 39, 32, 46, 30, 47, 59, 34, 115, 58, 32, 54, 86, 93, 67, 127, 39, 44, 68, 71, 33, 39, 44, 43, 52, 63]"
997,"[60, 69, 0, 1, 1, 2, 0, 1, 0, 0, 174, 198, 0, 1, 0, 1, 1, 0, 120, 136, 31, 0, 0, 2, 0, 0, 1, 1, 0, 0]"
1004,"[1581, 2897, 5348, 3379, 4197, 4132, 1922, 2036, 4363, 2386, 3752, 1839, 1949, 3614, 2604, 3494, 4438, 3731, 1068, 4845, 3622, 3089, 3768, 3515, 3358, 3095, 2286, 1009, 2425, 1850]"
1012,"[248, 229, 269, 285, 280, 312, 297, 300, 304, 317, 261, 231, 297, 289, 300, 251, 237, 242, 237, 302, 279, 299, 249, 260, 326, 267, 215, 207, 279, 251]"
1013,"[0, 0, 1, 4, 1, 0, 2, 0, 0, 2, 5, 1, 4, 3, 4, 9, 2, 4, 0, 0, 1, 3, 0, 2, 0, 2, 7, 1, 0, 3]"
1049,"[748, 952, 912, 843, 1131, 924, 1053, 1015, 1078, 1101, 786, 849, 980, 1029, 958, 1070, 929, 831, 702, 794, 953, 988, 878, 1086, 969, 916, 1094, 1283, 984, 1040]"
1065,"[51, 47, 35, 55, 79, 48, 45, 45, 59, 53, 53, 44, 39, 47, 110, 55, 49, 43, 69, 71, 63, 56, 65, 50, 55, 45, 44, 21, 26, 36]"
1075,"[281, 311, 303, 255, 241, 246, 247, 284, 311, 302, 205, 329, 623, 232, 293, 243, 236, 301, 287, 308, 267, 241, 220, 326, 283, 330, 903, 291, 289, 269]"
1078,"[193, 59, 48, 79, 125, 64, 88, 74, 132, 81, 89, 105, 86, 88, 54, 66, 68, 74, 61, 56, 90, 98, 63, 62, 93, 62, 66, 62, 91, 51]"
1126,"[0, 0, 0, 0, 0, 0, 0, 0, 0, 0, 0, 0, 0, 0, 0, 0, 0, 0, 0, 0, 0, 0, 0, 0, 0, 0, 0, 0, 0, 0]"
1137,"[75, 102, 150, 149, 176, 376, 486, 194, 726, 137, 160, 166, 813, 1032, 205, 208, 294, 442, 228, 146, 213, 298, 192, 343, 182, 386, 179, 1645, 942, 860]"
1148,"[21, 27, 37, 23, 31, 47, 27, 36, 45, 51, 20, 14, 32, 39, 17, 25, 31, 44, 38, 67, 26, 63, 42, 47, 42, 34, 29, 35, 26, 48]"
1162,"[0, 0, 5, 0, 0, 0, 0, 0, 8, 0, 0, 0, 0, 0, 0, 0, 0, 0, 0, 0, 0, 0, 1, 0, 0, 0, 1, 0, 0, 5]"
1178,"[336, 256, 353, 356, 334, 416, 396, 399, 370, 464, 346, 349, 318, 349, 346, 318, 419, 390, 246, 290, 421, 361, 504, 415, 343, 345, 420, 752, 309, 321]"
1184,"[66, 84, 60, 71, 73, 53, 104, 78, 85, 78, 116, 50, 67, 85, 102, 74, 64, 106, 66, 76, 99, 71, 64, 91, 41, 58, 60, 76, 83, 78]"
1185,"[152, 143, 34, 37, 37, 25, 44, 36, 98, 196, 87, 75, 24, 30, 21, 35, 30, 17, 151, 106, 62, 73, 33, 42, 35, 29, 18, 45, 26, 25]"
1188,"[124, 160, 40, 27, 48, 52, 0, 13, 50, 67, 68, 56, 64, 78, 50, 38, 52, 58, 71, 69, 54, 76, 68, 35, 5, 0, 65, 51, 74, 105]"
1193,"[0, 0, 0, 2, 0, 0, 0, 0, 0, 0, 0, 0, 0, 0, 0, 0, 0, 0, 0, 0, 0, 0, 0, 0, 0, 0, 0, 0, 0, 0]"
1203,"[27, 24, 34, 23, 35, 20, 12, 22, 31, 20, 19, 20, 20, 19, 17, 21, 14, 28, 15, 18, 21, 25, 10, 23, 33, 19, 15, 5, 17, 25]"
1204,"[60, 66, 80, 76, 73, 92, 105, 95, 51, 61, 91, 162, 89, 34, 57, 80, 91, 69, 90, 72, 73, 75, 95, 76, 76, 91, 74, 64, 19, 16]"
1209,"[75, 50, 39, 41, 61, 55, 40, 57, 59, 50, 32, 35, 32, 43, 60, 60, 91, 24, 38, 65, 92, 47, 38, 26, 61, 38, 69, 39, 38, 47]"
1210,"[0, 4, 0, 0, 0, 0, 61613, 1, 14, 4, 0, 0, 0, 0, 0, 0, 1, 0, 10, 5, 7, 16, 0, 0, 6, 0, 0, 0, 8, 0]"
1214,"[70114, 80653, 12377, 18037, 15089, 27602, 6856, 11184, 84818, 7421, 169716, 150079, 2130, 4776, 23663, 5301, 4102, 2463, 80992, 154863, 153487, 181189, 6010, 5026, 7166, 6140, 43381, 38290, 4349, 4573]"
1217,"[59, 37, 4, 17, 37, 65, 22, 7, 24, 26, 64, 43, 61, 51, 42, 39, 40, 65, 51, 58, 18, 34, 28, 24, 24, 32, 61, 75, 31, 24]"
1218,"[109, 117, 93, 98, 149, 84, 239, 107, 112, 126, 294, 170, 156, 137, 108, 128, 189, 153, 174, 159, 161, 122, 77, 118, 118, 113, 143, 185, 129, 142]"
1230,"[0, 0, 0, 0, 0, 0, 0, 0, 0, 0, 0, 0, 0, 0, 0, 0, 0, 0, 0, 0, 0, 0, 0, 0, 0, 0, 0, 0, 0, 0]"
1237,"[145, 306, 136, 178, 130, 139, 229, 196, 189, 264, 264, 170, 147, 297, 287, 171, 187, 156, 237, 191, 231, 171, 215, 177, 186, 273, 151, 245, 195, 131]"
1259,"[29, 17, 22, 21, 21, 69, 58, 27, 15, 40, 31, 27, 63, 44, 24, 84, 58, 20, 16, 31, 38, 27, 50, 47, 32, 18, 40, 35, 24, 21]"
1262,"[89, 106, 222, 187, 200, 214, 217, 221, 192, 179, 181, 161, 136, 134, 190, 218, 101, 129, 120, 131, 167, 172, 201, 141, 223, 197, 217, 203, 132, 147]"
1263,"[0, 0, 0, 0, 0, 0, 0, 0, 0, 0, 0, 0, 0, 0, 0, 0, 0, 0, 0, 0, 0, 0, 0, 0, 0, 0, 0, 0, 0, 385]"
1271,"[2086, 2343, 1714, 1308, 1633, 1944, 2155, 1869, 1534, 1913, 2581, 1931, 1131, 2642, 1825, 1754, 2464, 1430, 3190, 2225, 1702, 1860, 1970, 2154, 2813, 1653, 1797, 1454, 2267, 1960]"
1285,"[384, 443, 370, 285, 256, 235, 268, 357, 242, 312, 329, 372, 346, 302, 346, 0, 271, 366, 329, 389, 343, 309, 325, 283, 290, 327, 174, 290, 253, 422]"
1287,"[48, 26, 39, 25, 36, 28, 33, 44, 25, 30, 36, 43, 28, 33, 38, 20, 38, 21, 31, 25, 46, 22, 20, 35, 41, 44, 20, 32, 23, 25]"
1297,"[54, 72, 90, 83, 69, 69, 91, 78, 79, 80, 81, 88, 85, 77, 78, 65, 104, 99, 64, 86, 86, 86, 74, 86, 67, 90, 99, 93, 104, 59]"
1300,"[77, 66, 43, 66, 48, 86, 69, 55, 70, 45, 55, 52, 82, 31, 77, 66, 54, 53, 76, 118, 58, 37, 59, 98, 51, 52, 63, 93, 69, 69]"
1324,"[7, 26, 4, 40, 68, 39, 86, 28, 9, 70, 30, 42, 40, 10, 30, 32, 35, 61, 24, 9, 42, 811, 5, 30, 35, 30, 30, 22, 29, 19]"
1360,"[0, 0, 2, 0, 0, 4, 0, 0, 24, 0, 0, 0, 0, 3, 0, 0, 0, 1, 0, 0, 12, 5, 0, 0, 13, 0, 0, 0, 0, 0]"
1362,"[18, 11, 12, 6, 8, 9, 11, 8, 5, 13, 3, 7, 4, 7, 5, 0, 7, 8, 9, 7, 9, 11, 7, 6, 9, 10, 6, 9, 3, 5]"
1364,"[3, 4, 1, 6, 1, 2, 2, 1, 2, 3, 32, 0, 2, 2, 4, 2, 1, 1, 4, 3, 5, 2, 1, 3, 5, 0, 0, 0, 2, 2]"
1372,"[14, 57, 6, 10, 12, 8, 21, 13, 17, 11, 10, 5, 5, 17, 17, 24, 16, 8, 5, 11, 12, 9, 13, 7, 4, 12, 11, 15, 12, 22]"
1381,"[136, 85, 119, 172, 158, 134, 153, 116, 139, 118, 135, 160, 189, 135, 157, 179, 118, 156, 114, 121, 147, 132, 128, 136, 121, 128, 153, 127, 163, 153]"
1385,"[192, 0, 0, 0, 0, 0, 0, 0, 0, 1, 0, 0, 0, 1, 0, 0, 0, 0, 0, 0, 0, 0, 3, 0, 0, 0, 77, 0, 1, 1]"
1394,"[9, 13, 13, 14, 15, 10, 8, 12, 13, 10, 1, 6, 19, 9, 12, 11, 4, 8, 16, 25, 12, 24, 8, 6, 11, 11, 4, 2, 17, 17]"
1400,"[85, 102, 127, 128, 155, 124, 147, 140, 146, 179, 130, 149, 126, 165, 216, 192, 116, 129, 117, 107, 163, 141, 137, 147, 152, 180, 180, 196, 128, 134]"
1410,"[1221, 1177, 925, 908, 1074, 1029, 1177, 1077, 1050, 1024, 1072, 918, 504, 582, 858, 663, 600, 505, 1178, 1053, 966, 990, 624, 647, 1140, 1116, 948, 983, 606, 554]"
1413,"[80, 95, 48, 46, 53, 61, 128, 57, 72, 71, 116, 98, 28, 21, 79, 84, 75, 67, 88, 67, 81, 112, 61, 88, 93, 92, 52, 82, 25, 24]"
1416,"[195, 248, 208, 252, 269, 306, 215, 295, 292, 231, 252, 226, 165, 296, 201, 191, 176, 221, 234, 250, 261, 317, 179, 202, 246, 210, 202, 145, 189, 246]"
1419,"[191, 245, 0, 28, 36, 57, 0, 0, 0, 0, 0, 0, 0, 0, 0, 0, 0, 0, 53, 0, 0, 0, 0, 0, 0, 0, 23, 0, 0, 0]"
1431,"[17, 12, 31, 17, 22, 27, 25, 14, 14, 29, 17, 21, 24, 13, 35, 12, 36, 30, 28, 44, 19, 10, 9, 36, 26, 25, 32, 28, 26, 15]"
1433,"[11, 3, 13, 10, 13, 11, 5, 11, 7, 6, 4, 5, 10, 9, 7, 9, 14, 13, 15, 6, 12, 7, 6, 10, 8, 10, 11, 5, 11, 9]"
1449,"[32, 3, 0, 45, 14, 12, 0, 7, 0, 0, 4, 12, 0, 23, 20, 38, 6, 0, 23, 4, 0, 7, 40, 19, 22, 4, 16, 8, 13, 24]"
1458,"[168, 120, 111, 182, 94, 121, 360, 122, 131, 96, 151, 120, 105, 127, 107, 149, 114, 117, 803, 170, 95, 133, 131, 508, 93, 151, 121, 131, 166, 143]"
1459,"[333, 443, 292, 325, 357, 325, 315, 432, 310, 363, 296, 1398, 276, 387, 349, 284, 263, 331, 391, 395, 738, 271, 245, 368, 342, 293, 313, 299, 295, 388]"
1476,"[1015, 1135, 1050, 1117, 1116, 1065, 1211, 1084, 1109, 1202, 1069, 1096, 1059, 1076, 1005, 1033, 1099, 1068, 1131, 1048, 1255, 1183, 962, 1070, 1085, 1037, 1090, 1090, 1096, 1064]"
1477,"[204, 120, 136, 90, 235, 121, 108, 147, 130, 148, 214, 127, 91, 91, 134, 83, 1359, 64, 137, 123, 149, 133, 76, 164, 151, 67, 139, 110, 99, 124]"
1487,"[26, 29, 63, 228, 261, 237, 19, 17, 24, 18, 24, 20, 275, 312, 275, 261, 243, 275, 24, 18, 26, 24, 254, 260, 22, 42, 252, 255, 266, 274]"
1498,"[0, 540, 1387, 194, 0, 0, 1, 1689, 321, 36, 3729, 337, 0, 304, 355, 0, 2, 11, 99, 962, 1, 246, 1, 0, 266, 116, 0, 112, 1, 8]"
1505,"[0, 0, 592, 480, 0, 0, 911, 1777, 0, 1046, 0, 363, 0, 0, 4525, 848, 0, 0, 0, 0, 13822, 5228, 323, 1109, 0, 0, 0, 3936, 110, 224]"
1511,"[304, 176, 172, 224, 126, 498, 346, 264, 238, 212, 243, 216, 189, 250, 448, 308, 384, 221, 301, 302, 386, 224, 755, 155, 251, 218, 227, 747, 1038, 336]"
1513,"[254, 315, 274, 315, 264, 225, 316, 346, 268, 233, 253, 245, 318, 376, 288, 256, 207, 286, 196, 254, 374, 408, 209, 235, 254, 475, 290, 319, 225, 239]"
1518,"[0, 0, 97, 0, 0, 0, 0, 0, 0, 0, 682, 0, 0, 0, 0, 0, 0, 0, 160, 46, 0, 0, 0, 0, 0, 3, 0, 0, 0, 0]"
1530,"[40, 46, 38, 103, 79, 140, 87, 2640, 134, 57, 68, 32, 205, 167, 870, 110, 123, 105, 83, 65, 62, 581, 168, 554, 32, 33, 39, 83, 108, 294]"
1531,"[6, 10, 5, 10, 9, 15, 19, 13, 9, 8, 9, 6, 3, 17, 7, 12, 12, 10, 10, 5, 11, 5, 7, 13, 6, 17, 9, 6, 7, 11]"
1536,"[2155, 2248, 1587, 1715, 1629, 1528, 1808, 1804, 1492, 1546, 1562, 1632, 2210, 2060, 1691, 1853, 2038, 1985, 1767, 1466, 1621, 1574, 2077, 2113, 1517, 1706, 1548, 1760, 1829, 2139]"
1556,"[1402, 1339, 10, 28, 7, 15, 27, 36, 84, 16, 29, 24, 29, 25, 15, 12, 26, 23, 715, 17, 74, 73, 18, 16, 124, 25, 20, 17, 21, 117]"
1570,"[19, 24, 26, 33, 23, 24, 25, 36, 28, 25, 54, 24, 23, 4, 47, 19, 13, 23, 5, 12, 53, 26, 28, 20, 26, 47, 10, 21, 28, 23]"
1579,"[178, 186, 282, 299, 410, 333, 281, 372, 480, 339, 471, 277, 216, 198, 71, 0, 129, 231, 473, 387, 364, 480, 0, 0, 394, 217, 305, 413, 299, 374]"
1584,"[69, 131, 149, 142, 111, 152, 165, 167, 121, 172, 183, 131, 160, 130, 163, 131, 127, 119, 174, 165, 175, 156, 132, 136, 145, 162, 152, 169, 136, 170]"
1592,"[39, 35, 46, 49, 31, 53, 46, 52, 47, 48, 85, 43, 43, 27, 37, 43, 49, 49, 75, 39, 48, 44, 33, 41, 29, 53, 30, 34, 30, 50]"
1593,"[0, 0, 0, 13, 0, 5, 6, 8, 0, 10, 0, 0, 6, 90, 19, 0, 0, 3, 0, 0, 6, 14, 12, 0, 0, 0, 0, 0, 5, 1]"
1598,"[52, 76, 75, 36, 57, 53, 63, 59, 52, 51, 59, 73, 67, 57, 61, 65, 71, 44, 59, 48, 49, 63, 45, 47, 45, 48, 90, 61, 56, 54]"
1608,"[2, 3, 1, 0, 4, 8, 4, 2, 1, 8, 2, 0, 1, 3, 4, 2, 0, 1, 3, 3, 3, 1, 2, 6, 4, 0, 0, 2, 2, 7]"
1611,"[458, 543, 396, 390, 296, 184, 305, 276, 373, 267, 358, 132, 236, 259, 325, 286, 394, 242, 610, 525, 392, 324, 277, 313, 279, 94, 116, 164, 189, 288]"
1619,"[9989, 4292, 3280, 2818, 742, 179, 613, 7188, 146, 1531, 12902, 8260, 218, 6117, 1140, 445, 307, 2349, 1007, 582, 594, 0, 5609, 2857, 3522, 3236, 3385, 371, 1036, 207]"
1630,"[0, 0, 0, 0, 0, 0, 0, 0, 0, 0, 0, 0, 0, 0, 0, 0, 0, 0, 0, 0, 0, 0, 0, 0, 0, 0, 0, 0, 0, 0]"
1631,"[0, 11, 1, 4, 4, 7, 0, 0, 0, 5, 2, 0, 0, 2, 3, 2, 1, 1, 5, 6, 4, 2, 1, 3, 6, 2, 1, 2, 1, 0]"
1656,"[910, 1172, 506, 421, 651, 619, 420, 538, 341, 432, 993, 843, 596, 375, 368, 350, 588, 400, 740, 821, 455, 354, 596, 334, 379, 294, 769, 495, 315, 509]"
1664,"[1315, 1607, 1650, 1744, 1732, 1680, 2010, 1853, 1622, 1567, 1696, 1923, 0, 0, 2017, 1796, 1747, 803, 1501, 1584, 1707, 1776, 1836, 2134, 1626, 1777, 1642, 1682, 0, 0]"
1666,"[18, 23, 57, 54, 65, 62, 65, 50, 66, 45, 54, 60, 87, 105, 37, 35, 48, 63, 32, 44, 85, 65, 59, 58, 68, 74, 62, 42, 54, 50]"
1671,"[2403, 2464, 2643, 2316, 2788, 2769, 2614, 2561, 2125, 2168, 1687, 1768, 14, 11, 1974, 2274, 4, 16, 2224, 1789, 2122, 1921, 2149, 1761, 2116, 2598, 2214, 2586, 11, 13]"
1681,"[0, 0, 54, 572, 13, 14, 0, 3, 0, 0, 0, 0, 0, 0, 0, 0, 0, 0, 0, 0, 0, 0, 0, 0, 0, 0, 6, 8, 0, 0]"
1684,"[3402, 2961, 3056, 3138, 3124, 3249, 725, 3573, 165, 169, 157, 145, 3947, 2716, 3323, 0, 3260, 2954, 1143, 135, 170, 142, 3068, 3463, 180, 150, 3541, 3936, 2727, 3088]"
1732,"[35, 50, 88, 70, 76, 112, 97, 173, 92, 81, 1465, 78, 0, 50, 75, 109, 77, 63, 49, 181, 68, 80, 84, 77, 71, 83, 53, 33, 58, 71]"
1756,"[63, 54, 82, 58, 57, 59, 60, 115, 53, 32, 74, 62, 65, 77, 58, 79, 24, 30, 41, 83, 48, 82, 72, 42, 43, 67, 88, 59, 44, 67]"
1762,"[31, 73, 72, 50, 22, 21, 19, 31, 28, 33, 40, 27, 32, 52, 30, 65, 60, 35, 48, 41, 37, 34, 11, 19, 19, 50, 11, 28, 29, 47]"
1769,"[1376, 1249, 254, 204, 224, 199, 216, 213, 250, 214, 617, 325, 225, 186, 141, 214, 202, 234, 1232, 1383, 235, 253, 176, 151, 243, 232, 205, 205, 189, 183]"
1771,"[0, 0, 0, 0, 0, 0, 0, 0, 0, 0, 0, 0, 0, 0, 0, 0, 0, 0, 0, 0, 0, 0, 0, 0, 0, 0, 0, 0, 0, 0]"
1806,"[12, 14, 13, 21, 24, 22, 22, 20, 20, 26, 21, 15, 25, 8, 25, 19, 17, 37, 41, 13, 26, 11, 16, 24, 30, 18, 14, 15, 6, 17]"
1809,"[2, 52, 2, 3, 2, 6, 3, 19, 2243, 0, 77, 54, 0, 218, 3, 5, 4, 4, 61, 88, 49, 33, 4, 7, 2, 4, 8, 4, 0, 0]"
1826,"[221, 246, 235, 228, 184, 197, 315, 250, 248, 268, 144, 282, 241, 207, 254, 125, 148, 76, 234, 136, 269, 256, 257, 246, 207, 203, 163, 224, 217, 229]"
1861,"[98, 122, 195, 160, 170, 132, 153, 188, 147, 120, 112, 152, 145, 120, 158, 174, 178, 163, 104, 151, 194, 155, 208, 183, 121, 105, 121, 89, 254, 185]"
1864,"[152, 158, 99, 87, 114, 130, 69, 82, 185, 148, 153, 135, 52, 98, 65, 63, 71, 72, 105, 118, 65, 144, 1802, 52, 114, 86, 99, 51, 123, 54]"
1876,"[1, 3, 0, 1, 0, 7, 0, 2, 10, 3, 1, 0, 0, 63, 12, 0, 0, 0, 90, 0, 0, 2, 1, 2, 2, 0, 0, 1, 2, 0]"
1879,"[59, 61, 50, 54, 70, 42, 60, 94, 56, 52, 47, 51, 81, 52, 67, 40, 70, 84, 54, 43, 105, 87, 52, 65, 98, 62, 77, 29, 53, 89]"
1882,"[346, 560, 771, 1111, 787, 6571, 3142, 956, 708, 653, 565, 895, 686, 920, 801, 879, 694, 564, 619, 682, 831, 791, 1022, 688, 659, 727, 924, 752, 566, 636]"
1890,"[110, 100, 132, 156, 140, 134, 123, 98, 168, 230, 136, 142, 103, 180, 130, 126, 103, 111, 141, 89, 186, 131, 147, 118, 116, 89, 94, 106, 142, 91]"
1918,"[0, 1, 0, 0, 0, 0, 0, 0, 0, 0, 0, 0, 0, 17, 0, 0, 0, 0, 0, 0, 0, 0, 0, 0, 0, 2, 0, 0, 0, 0]"
1925,"[103, 173, 351, 120, 142, 208, 248, 156, 207, 202, 480, 220, 212, 141, 126, 157, 423, 145, 109, 117, 165, 173, 0, 162, 180, 222, 238, 278, 120, 154]"
1928,"[120, 98, 128, 275, 157, 150, 97, 87, 151, 126, 100, 105, 91, 114, 195, 121, 79, 68, 134, 107, 119, 89, 84, 87, 93, 137, 176, 177, 53, 51]"
1938,"[25, 76, 66, 48, 63, 39, 45, 43, 63, 34, 51, 42, 27, 36, 41, 45, 27, 36, 40, 46, 57, 67, 20, 47, 44, 39, 72, 33, 34, 35]"
1941,"[99, 54, 90, 99, 77, 54, 72, 111, 90, 84, 74, 81, 78, 80, 77, 98, 79, 80, 80, 82, 59, 74, 85, 96, 63, 84, 72, 75, 49, 119]"
1943,"[92, 62, 10, 1, 20, 19, 8, 39, 92, 55, 50, 76, 93, 176, 22, 0, 6, 1, 76, 64, 111, 81, 19, 29, 44, 6, 2, 6, 1, 24]"
1978,"[0, 0, 0, 0, 0, 0, 0, 0, 0, 0, 0, 0, 0, 0, 0, 0, 0, 0, 0, 0, 0, 0, 0, 0, 0, 0, 0, 0, 0, 0]"
1982,"[14, 23, 21, 27, 20, 23, 23, 28, 26, 18, 14, 18, 19, 26, 10, 21, 20, 10, 23, 46, 19, 6, 15, 14, 8, 7, 7, 21, 20, 13]"
1992,"[16401, 18019, 26027, 27170, 0, 24799, 36047, 32328, 27903, 33664, 36927, 37386, 37002, 41515, 36490, 33698, 39394, 48879, 28565, 35359, 31418, 32234, 30457, 38484, 36070, 37499, 33245, 38464, 57681, 55201]"
1993,"[648, 866, 1083, 2345, 1804, 2884, 764, 2294, 5320, 2109, 996, 872, 852, 972, 2226, 924, 2779, 848, 813, 2152, 1539, 1591, 2344, 2221, 2142, 944, 956, 858, 1419, 1524]"
2003,"[0, 0, 0, 0, 0, 0, 0, 0, 0, 0, 0, 0, 0, 0, 0, 0, 0, 0, 0, 0, 0, 0, 0, 0, 0, 0, 0, 0, 0, 0]"
2009,"[3, 3, 5, 1, 0, 7, 2, 7, 3, 4, 1, 3, 3, 6, 3, 7, 3, 5, 2, 2, 7, 6, 2, 6, 3, 3, 3, 3, 16, 2]"
2018,"[1, 0, 18, 51, 17, 5, 0, 24, 19, 27, 1, 3, 0, 49, 43, 94, 17, 1, 41, 19, 38, 25, 68, 34, 9, 0, 66, 0, 7, 3]"
2032,"[0, 0, 3, 0, 0, 0, 0, 2, 1, 4, 2, 0, 0, 4, 5, 3, 1, 0, 0, 3, 1, 4, 0, 5, 1, 0, 3, 2, 2, 5]"
2033,"[0, 0, 0, 0, 0, 0, 0, 0, 0, 0, 0, 0, 0, 0, 0, 0, 0, 0, 0, 0, 0, 0, 0, 0, 0, 0, 0, 0, 0, 0]"
2080,"[254, 281, 225, 242, 281, 195, 331, 281, 250, 291, 292, 252, 207, 236, 209, 229, 233, 256, 262, 283, 259, 312, 204, 281, 297, 307, 202, 270, 270, 241]"
2083,"[17, 9, 5, 9, 5, 3, 277, 6, 10, 4, 2, 6, 4, 5, 8, 2, 0, 8, 4, 5, 5, 12, 6, 2, 6, 3, 1, 3, 1, 3]"
2089,"[0, 1, 0, 0, 0, 0, 0, 0, 0, 6, 0, 0, 0, 0, 0, 0, 0, 0, 0, 0, 0, 0, 0, 0, 3, 0, 0, 0, 9, 0]"
2097,"[0, 0, 0, 0, 0, 0, 0, 0, 0, 0, 0, 0, 0, 0, 0, 0, 0, 0, 0, 0, 0, 0, 0, 0, 0, 0, 0, 0, 0, 0]"
2104,"[264, 272, 361, 327, 370, 283, 237, 300, 481, 374, 468, 293, 238, 219, 351, 219, 364, 323, 434, 370, 594, 270, 209, 394, 333, 309, 374, 236, 265, 215]"
2106,"[1169, 1390, 795, 820, 418, 347, 754, 518, 1067, 538, 949, 422, 576, 559, 640, 1258, 862, 804, 1459, 785, 646, 958, 515, 653, 573, 543, 568, 735, 442, 594]"
2145,"[0, 0, 0, 0, 0, 0, 0, 0, 0, 0, 0, 0, 0, 0, 0, 0, 0, 0, 0, 0, 0, 0, 0, 0, 0, 0, 0, 0, 0, 0]"
2156,"[164, 251, 200, 215, 191, 170, 210, 301, 252, 217, 211, 211, 194, 196, 198, 226, 225, 203, 247, 194, 222, 240, 284, 224, 236, 217, 179, 195, 150, 177]"
2175,"[0, 0, 0, 0, 0, 0, 0, 0, 0, 0, 0, 0, 0, 0, 0, 0, 0, 0, 0, 0, 0, 0, 0, 0, 0, 0, 0, 0, 0, 0]"
2183,"[25, 97, 90, 54, 52, 63, 26, 53, 87, 46, 61, 22, 29, 21, 42, 0, 51, 11, 10883, 4, 62, 47, 39, 32, 44, 23, 21, 16, 50, 14]"
2192,"[3, 3, 8, 9, 14, 6, 20, 8, 14, 9, 9, 10, 12, 6, 7, 5, 10, 18, 15, 12, 5, 9, 8, 11, 6, 9, 13, 15, 6, 3]"
2199,"[1, 1, 1, 3, 4, 3, 3, 5, 1, 0, 1, 1, 7, 1, 6, 6, 1, 4, 3, 4, 5, 2, 3, 0, 1, 1, 2, 6, 3, 5]"
2210,"[27, 38, 38, 48, 43, 57, 37, 38, 43, 89, 35, 51, 55, 52, 43, 93, 22, 54, 61, 81, 37, 86, 40, 76, 75, 54, 44, 50, 46, 33]"
2213,"[0, 0, 4567, 4127, 4241, 4144, 4213, 4207, 4123, 4413, 0, 1712, 4297, 4141, 4140, 4212, 4305, 4172, 0, 0, 4272, 4369, 4401, 4167, 4441, 4185, 4416, 4434, 4093, 4358]"
2230,"[0, 0, 0, 0, 0, 0, 0, 0, 0, 0, 0, 0, 0, 0, 0, 0, 0, 0, 0, 0, 0, 0, 0, 0, 0, 0, 0, 0, 0, 0]"
2249,"[802, 97, 62, 75, 63, 62, 101, 79, 39, 46, 68, 59, 43, 54, 76, 38, 35, 36, 76, 81, 45, 55, 31, 38, 76, 91, 188, 64, 71, 47]"
2251,"[1371, 2608, 4081, 4168, 4311, 4180, 1622, 6862, 3953, 4034, 1787, 1594, 2266, 3974, 3686, 4768, 4327, 2240, 2547, 2508, 3037, 4002, 3383, 4299, 4489, 1792, 2045, 1726, 4057, 4035]"
2275,"[0, 0, 0, 0, 0, 0, 0, 0, 0, 0, 0, 0, 0, 0, 0, 0, 0, 0, 0, 0, 0, 0, 0, 0, 0, 0, 0, 0, 0, 0]"
2278,"[93, 85, 84, 84, 511, 111, 64, 70, 136, 82, 94, 101, 58, 79, 114, 76, 83, 73, 64, 81, 102, 74, 89, 72, 74, 62, 88, 71, 83, 88]"
2286,"[2, 5, 12, 0, 2, 2, 4, 7, 17, 4, 13, 2, 8, 9, 581, 17, 3, 17, 1, 19, 0, 2, 9, 4, 8, 14, 2, 0, 4, 3]"
2299,"[0, 0, 0, 1, 0, 0, 0, 0, 0, 0, 0, 0, 0, 0, 0, 0, 0, 0, 0, 0, 0, 0, 0, 0, 0, 0, 0, 0, 0, 0]"
2303,"[41, 38, 24, 28, 39, 33, 33, 25, 54, 32, 26, 32, 1, 7, 56, 54, 37, 40, 11, 8, 74, 43, 62, 42, 46, 39, 37, 56, 12, 4]"
2318,"[0, 0, 0, 2, 2, 0, 0, 0, 7, 0, 2, 7, 0, 0, 2, 3, 2, 51, 0, 2, 2, 5, 3, 0, 1, 4, 7, 6, 5, 2]"
2356,"[0, 0, 0, 0, 0, 0, 0, 0, 0, 0, 0, 0, 0, 0, 0, 0, 0, 0, 0, 0, 0, 0, 0, 0, 0, 0, 0, 0, 0, 0]"
2369,"[134, 162, 130, 142, 178, 124, 156, 237, 167, 154, 202, 173, 132, 154, 145, 142, 153, 151, 153, 141, 175, 179, 162, 180, 158, 153, 147, 155, 131, 346]"
2376,"[0, 0, 0, 0, 0, 0, 28, 0, 0, 0, 0, 0, 0, 0, 2, 0, 1, 1, 1, 0, 0, 0, 0, 2, 0, 0, 3, 0, 0, 1]"
2382,"[13, 17, 17, 8, 12, 9, 21, 16, 18, 18, 17, 10, 8, 18, 13, 18, 13, 16, 16, 18, 12, 17, 15, 9, 10, 8, 16, 13, 6, 13]"
2404,"[2, 0, 0, 1, 1, 0, 0, 2, 0, 1, 0, 1, 4, 0, 0, 2, 0, 1, 0, 0, 4, 1, 0, 0, 1, 2, 2, 1, 0, 1]"
2409,"[898, 554, 1114, 1576, 931, 962, 492, 1096, 856, 970, 814, 334, 428, 1311, 964, 0, 915, 626, 1058, 1103, 759, 909, 1151, 737, 1012, 714, 681, 584, 1824, 748]"
2428,"[159, 135, 221, 255, 227, 195, 176, 193, 245, 277, 296, 215, 192, 255, 191, 142, 92, 140, 149, 124, 163, 265, 204, 160, 176, 149, 192, 193, 92, 199]"
2435,"[170, 133, 169, 183, 180, 199, 136, 166, 116, 221, 134, 169, 212, 194, 139, 138, 229, 134, 137, 155, 162, 242, 163, 176, 321, 226, 170, 169, 187, 187]"
2437,"[72, 60, 65, 142, 107, 86, 82, 79, 92, 78, 94, 112, 52, 23, 72, 96, 71, 66, 121, 93, 89, 99, 103, 54, 77, 119, 124, 92, 55, 41]"
2449,"[127, 156, 196, 165, 169, 197, 137, 159, 155, 232, 145, 160, 182, 168, 170, 147, 183, 174, 168, 151, 169, 170, 142, 142, 167, 163, 148, 138, 126, 154]"
2473,"[124, 134, 133, 133, 443, 141, 170, 133, 126, 298, 189, 121, 112, 193, 148, 129, 156, 159, 142, 120, 109, 155, 174, 148, 203, 165, 142, 179, 116, 136]"
2485,"[32, 23, 59, 55, 22, 26, 20, 30, 21, 35, 23, 19, 18, 24, 36, 26, 29, 38, 37, 15, 23, 45, 27, 39, 25, 30, 23, 15, 17, 32]"
2498,"[1170, 712, 1744, 1343, 516, 339, 1087, 1927, 510, 854, 2022, 1327, 1133, 1218, 1254, 944, 531, 544, 1026, 1697, 1295, 462, 550, 507, 1094, 1425, 517, 803, 1002, 515]"
2505,"[165, 117, 108, 187, 132, 123, 113, 127, 131, 136, 118, 99, 105, 118, 132, 150, 120, 104, 157, 146, 133, 126, 131, 192, 124, 122, 127, 90, 143, 120]"
2509,"[3, 4, 4, 2, 4, 4, 1, 5, 2, 0, 0, 2, 1, 1, 3, 0, 2, 2, 2, 0, 0, 1, 0, 0, 1, 0, 0, 3, 5, 4]"
2521,"[0, 3, 9, 8, 2117, 2408, 9, 16, 7, 12, 6, 4, 2443, 2412, 2347, 0, 2410, 2302, 6, 5, 21, 8, 2309, 2376, 13, 5, 2538, 2516, 2477, 2368]"
2522,"[1183, 1281, 1346, 1423, 1396, 1348, 1336, 1332, 1326, 1484, 1249, 1155, 1309, 1512, 2178, 0, 1638, 1530, 1374, 1323, 1341, 2021, 1245, 1596, 1535, 1540, 1298, 1400, 1693, 1388]"
2532,"[4, 8, 0, 1, 4, 7, 2245, 42, 1302, 5951, 8, 0, 16, 8, 3, 0, 2, 0, 4, 9, 109, 27, 0, 14, 52, 51, 43, 0, 5, 6]"
2533,"[0, 0, 0, 0, 0, 0, 0, 0, 0, 0, 0, 0, 0, 0, 0, 0, 0, 0, 0, 0, 0, 0, 0, 0, 0, 0, 0, 0, 0, 0]"
2542,"[0, 0, 0, 0, 0, 0, 0, 0, 0, 0, 0, 0, 0, 0, 0, 0, 0, 0, 0, 0, 0, 0, 0, 0, 0, 0, 0, 0, 0, 0]"
2554,"[22, 31, 23, 20, 15, 15, 23, 34, 164, 14, 16, 52, 27, 30, 5, 11, 21, 26, 24, 13, 32, 34, 9, 18, 20, 21, 14, 26, 16, 22]"
2557,"[0, 0, 0, 0, 0, 0, 0, 0, 0, 0, 0, 0, 0, 0, 0, 0, 0, 0, 0, 0, 0, 0, 0, 0, 0, 0, 1, 0, 0, 0]"
2593,"[378, 290, 268, 305, 233, 224, 245, 287, 272, 277, 295, 500, 220, 257, 287, 259, 290, 271, 301, 311, 263, 295, 282, 282, 339, 293, 258, 292, 272, 245]"
2608,"[0, 0, 0, 0, 0, 0, 0, 0, 0, 0, 0, 0, 0, 0, 0, 0, 0, 0, 0, 0, 0, 0, 0, 0, 0, 0, 0, 0, 0, 0]"
2610,"[1, 0, 0, 0, 0, 1, 2, 1, 0, 2, 0, 1, 2, 0, 0, 0, 0, 0, 0, 0, 2, 0, 1, 0, 0, 0, 0, 0, 0, 0]"
2611,"[23, 24, 24, 32, 14, 7, 10, 10, 17, 6, 15, 11, 15, 44, 18, 39, 8, 10, 10, 10, 26, 23, 19, 21, 10, 15, 12, 15, 27, 22]"
2647,"[49, 10, 13, 8, 12, 8, 14, 18, 11, 3, 20, 24, 15, 8, 10, 4, 3, 49, 5, 22, 17, 1, 5, 17, 6, 4, 50, 16, 30, 7]"
2661,"[458, 427, 529, 403, 549, 443, 493, 479, 506, 501, 384, 409, 474, 518, 472, 443, 463, 517, 497, 511, 436, 471, 470, 501, 450, 504, 494, 463, 500, 509]"
2674,"[530, 407, 429, 420, 438, 535, 480, 450, 455, 524, 475, 397, 459, 642, 405, 408, 506, 416, 589, 409, 520, 390, 434, 508, 568, 621, 490, 498, 506, 418]"
2714,"[334, 234, 330, 192, 264, 258, 266, 222, 225, 208, 253, 249, 380, 202, 317, 250, 169, 180, 278, 232, 288, 287, 335, 228, 274, 335, 318, 269, 240, 259]"
2719,"[45, 25, 21, 26, 33, 23, 29, 28, 42, 31, 52, 28, 45, 29, 19, 20, 20, 49, 29, 37, 33, 25, 52, 20, 29, 23, 29, 19, 36, 21]"
2725,"[935, 302, 84, 89, 87, 62, 60, 67, 1029, 78, 71, 44, 41, 64, 57, 53, 31, 68, 109, 108, 124, 356, 71, 63, 57, 59, 43, 57, 76, 49]"
2748,"[3627, 3490, 3851, 3568, 3495, 3640, 3931, 3795, 3396, 3546, 3614, 3496, 3261, 3122, 3564, 3396, 3363, 3548, 3920, 3322, 4028, 3714, 3095, 3351, 3476, 3460, 3281, 3269, 3436, 3993]"
2762,"[429, 604, 455, 414, 687, 359, 440, 341, 509, 610, 569, 421, 470, 461, 396, 500, 565, 531, 611, 397, 424, 586, 405, 846, 471, 484, 369, 296, 519, 453]"
2764,"[0, 0, 0, 0, 0, 0, 0, 0, 0, 0, 0, 0, 4, 0, 0, 0, 0, 0, 0, 0, 0, 0, 0, 0, 0, 0, 0, 0, 0, 0]"
2772,"[1722, 1293, 1338, 1050, 1153, 1103, 1131, 1185, 1461, 1462, 1017, 996, 700, 582, 1267, 988, 419, 460, 1269, 1035, 1152, 1360, 1070, 611, 1209, 1123, 1056, 0, 554, 554]"
2781,"[132, 110, 88, 123, 107, 101, 84, 98, 77, 118, 165, 85, 94, 99, 137, 129, 147, 113, 121, 93, 135, 102, 111, 114, 197, 87, 204, 90, 94, 112]"
2794,"[0, 0, 0, 0, 0, 0, 0, 0, 0, 0, 0, 0, 0, 0, 0, 0, 0, 0, 0, 0, 0, 0, 0, 0, 0, 0, 0, 0, 0, 0]"
2804,"[93, 101, 166, 60, 129, 63, 77, 57, 228, 115, 211, 365, 103, 70, 69, 143, 185, 69, 490, 268, 298, 109, 183, 403, 99, 77, 75, 79, 39, 41]"
2809,"[117, 282, 186, 159, 229, 180, 230, 202, 216, 255, 334, 308, 142, 188, 229, 228, 200, 155, 175, 145, 275, 225, 200, 234, 201, 198, 164, 156, 249, 169]"
2813,"[4555, 1780, 1018, 908, 848, 1024, 169, 556, 1178, 1160, 2415, 1556, 419, 711, 765, 635, 766, 580, 3515, 2554, 2372, 1237, 707, 961, 1029, 943, 610, 805, 797, 884]"
2816,"[0, 0, 0, 0, 1, 0, 0, 0, 1, 0, 1, 0, 0, 0, 0, 0, 1, 0, 0, 1, 0, 0, 0, 1, 0, 1, 1, 0, 0, 1]"
2823,"[287, 283, 318, 316, 321, 386, 290, 345, 350, 342, 360, 327, 274, 304, 353, 317, 352, 346, 301, 302, 348, 369, 358, 286, 345, 289, 335, 370, 319, 348]"
2825,"[9, 34, 0, 60, 8, 0, 16, 58, 249, 2, 21, 4, 7, 3, 5, 3, 6, 10, 5, 11, 11, 9, 7, 3, 8, 6, 7, 9, 8, 2]"
2841,"[8, 10, 9, 16, 9, 15, 12, 15, 18, 8, 6, 27, 2, 2, 11, 10, 8, 1, 17, 19, 14, 11, 6, 4, 13, 12, 17, 9, 2, 4]"
2855,"[209, 98, 87, 103, 100, 88, 263, 93, 188, 88, 115, 208, 79, 530, 97, 60, 83, 84, 106, 130, 123, 98, 105, 97, 108, 97, 74, 566, 62, 96]"
2894,"[0, 0, 0, 0, 0, 0, 0, 0, 0, 0, 0, 0, 0, 0, 0, 0, 0, 0, 0, 0, 0, 0, 0, 0, 0, 0, 0, 0, 0, 0]"
2898,"[7, 10, 8, 8, 0, 2, 6, 3, 2, 5, 42, 17, 12, 9, 5, 3, 5, 1, 3, 9, 12, 11, 10, 10, 4, 7, 3, 2, 12, 44]"
2899,"[765, 689, 900, 958, 857, 769, 816, 756, 972, 696, 886, 756, 786, 791, 809, 866, 612, 636, 851, 696, 883, 974, 795, 905, 742, 619, 684, 998, 904, 954]"
2907,"[0, 0, 76, 0, 0, 0, 2, 0, 0, 0, 922, 84, 0, 0, 0, 0, 0, 0, 121, 0, 0, 3, 341, 10, 0, 514, 0, 2, 0, 0]"
2915,"[44, 53, 50, 78, 53, 52, 61, 79, 75, 69, 123, 58, 41, 49, 22, 20, 13, 28, 64, 78, 73, 80, 54, 25, 35, 39, 42, 30, 48, 34]"
2921,"[455, 479, 420, 371, 362, 393, 417, 394, 424, 428, 412, 444, 399, 364, 356, 428, 311, 367, 465, 443, 456, 462, 349, 304, 530, 414, 324, 342, 375, 310]"
2922,"[9, 10, 16, 17, 18, 15, 8, 13, 11, 20, 5, 9, 15, 14, 18, 18, 19, 12, 10, 16, 10, 16, 12, 15, 12, 16, 14, 11, 2231, 6]"
2927,"[143, 99, 164, 147, 173, 131, 163, 131, 167, 215, 141, 352, 97, 132, 113, 159, 81, 141, 136, 115, 216, 180, 109, 123, 117, 138, 175, 68, 163, 133]"
2935,"[0, 0, 0, 0, 0, 0, 0, 0, 0, 0, 0, 0, 0, 0, 0, 0, 0, 0, 0, 0, 0, 0, 0, 0, 0, 0, 0, 0, 0, 0]"
2952,"[2, 3, 0, 2, 0, 0, 2, 0, 1, 3, 2, 1, 1, 0, 1, 0, 1, 0, 2, 0, 1, 0, 1, 0, 4, 0, 0, 0, 1, 0]"
2954,"[5264, 4258, 4025, 4816, 4348, 4187, 3920, 4045, 3638, 4428, 4874, 3976, 12358, 7957, 4226, 0, 4719, 13251, 5143, 5139, 4562, 4259, 5198, 5260, 4599, 4528, 5230, 4720, 8699, 8987]"
2976,"[0, 0, 0, 0, 0, 0, 0, 0, 0, 0, 0, 0, 0, 0, 0, 0, 0, 0, 0, 0, 0, 0, 0, 0, 0, 0, 0, 0, 0, 0]"
2981,"[15, 12, 243, 240, 259, 234, 60, 487, 14, 8, 10, 4, 254, 250, 210, 0, 235, 228, 10, 13, 5, 3, 273, 256, 4, 10, 211, 6, 251, 137]"
2985,"[71, 247, 100, 105, 106, 110, 107, 96, 211, 155, 136, 160, 139, 113, 119, 123, 159, 172, 140, 130, 156, 100, 82, 92, 106, 147, 143, 122, 154, 114]"
2993,"[37, 25, 32, 116, 35, 15, 127, 59, 23, 8, 53, 67, 75, 10, 120, 6, 1397, 65, 29, 21, 22, 34, 94, 140, 35, 89, 43, 155, 7, 81]"
2997,"[0, 0, 0, 0, 0, 0, 0, 0, 0, 0, 0, 0, 0, 0, 0, 0, 0, 0, 0, 0, 0, 0, 0, 0, 0, 0, 0, 0, 0, 0]"
2998,"[0, 0, 0, 0, 0, 0, 0, 0, 0, 0, 0, 0, 0, 0, 0, 0, 0, 0, 0, 0, 0, 0, 0, 0, 0, 0, 0, 0, 0, 0]"
3012,"[261, 605, 330, 354, 265, 248, 199, 298, 230, 198, 273, 307, 390, 278, 383, 294, 315, 242, 290, 349, 327, 305, 248, 265, 200, 163, 235, 271, 241, 341]"
3026,"[1136, 1293, 1171, 1267, 1071, 870, 1085, 921, 1308, 1533, 1264, 1282, 970, 1342, 1285, 1296, 1251, 1146, 1540, 1322, 1235, 1345, 1239, 1349, 1236, 984, 1087, 1127, 1370, 1448]"
3032,"[0, 0, 0, 0, 0, 0, 0, 0, 0, 0, 0, 0, 0, 0, 0, 0, 0, 0, 0, 0, 0, 0, 0, 0, 0, 0, 0, 0, 0, 0]"
3072,"[88, 176, 131, 176, 178, 268, 80, 160, 190, 139, 127, 83, 122, 311, 142, 0, 267, 146, 131, 169, 167, 207, 319, 224, 255, 141, 179, 160, 278, 432]"
3087,"[3, 5, 25, 2, 16, 14, 10, 8, 9, 10, 17, 12, 9, 4, 10, 4, 6, 10, 7, 5, 15, 9, 22, 17, 4, 8, 8, 11, 3, 2]"
3094,"[5, 4, 4, 15, 15, 88, 11, 22, 80, 37, 8, 9, 7, 11, 19, 24, 20, 9, 0, 9, 19, 33, 30, 28, 11, 30, 17, 12, 76, 16]"
3103,"[830, 1047, 978, 1087, 1122, 1247, 1293, 1258, 1357, 1231, 1162, 1153, 1264, 1434, 1412, 1375, 1509, 1500, 952, 1154, 1147, 1283, 949, 1410, 1189, 1032, 1225, 1433, 1230, 1156]"
3111,"[2, 7, 1, 9, 7, 7, 0, 4, 7, 7, 10, 6, 7, 1, 7, 3, 9, 3, 6, 14, 7, 4, 7, 2, 8, 5, 5, 15, 8, 7]"
3118,"[28, 38, 19, 15, 35, 40, 31, 11, 17, 37, 22, 50, 27, 29, 32, 44, 33, 31, 32, 37, 18, 28, 17, 28, 37, 31, 16, 42, 29, 21]"
3165,"[1336, 1143, 1250, 1231, 1312, 1262, 1292, 1171, 1432, 1316, 1272, 1280, 1463, 1707, 1618, 1381, 1316, 1399, 1208, 1442, 1246, 1359, 1525, 1312, 1231, 1379, 1320, 1540, 1771, 1747]"
3171,"[0, 0, 40, 41, 23, 45, 30, 30, 29, 41, 14, 30, 13, 11, 20, 0, 37, 40, 0, 0, 38, 43, 34, 193, 24, 34, 31, 22, 11, 5]"
3189,"[0, 0, 0, 0, 1, 0, 0, 0, 0, 0, 0, 0, 0, 0, 0, 0, 0, 0, 0, 0, 1, 0, 0, 0, 0, 0, 0, 0, 0, 0]"
3191,"[0, 0, 1, 4, 0, 0, 0, 3, 2, 1, 0, 0, 0, 2, 6, 2, 3, 0, 3, 0, 6, 1, 3, 2, 3, 3, 0, 0, 3, 2]"
3195,"[63, 166, 24, 43, 53, 45, 51, 49, 70, 36, 54, 83, 49, 58, 24, 95, 42, 49, 41, 26, 48, 66, 34, 18, 40, 49, 29, 47, 36, 27]"
3210,"[159, 87, 52, 66, 109, 63, 102, 108, 91, 56, 99, 84, 88, 53, 89, 89, 47, 39, 99, 138, 71, 83, 74, 50, 80, 40, 51, 60, 73, 49]"
3213,"[786, 301, 1620, 835, 393, 516, 461, 858, 649, 498, 657, 450, 359, 580, 506, 601, 1081, 568, 436, 636, 682, 504, 539, 427, 764, 404, 351, 493, 485, 489]"
3273,"[0, 0, 0, 0, 0, 0, 0, 0, 0, 0, 0, 0, 0, 0, 0, 0, 0, 0, 0, 0, 0, 0, 0, 0, 0, 0, 0, 0, 0, 0]"
3274,"[243, 254, 276, 221, 212, 213, 294, 229, 218, 213, 319, 316, 257, 190, 205, 228, 169, 247, 198, 240, 310, 234, 250, 214, 207, 167, 205, 251, 206, 184]"
3284,"[0, 0, 0, 0, 0, 0, 0, 0, 0, 0, 0, 0, 0, 0, 0, 0, 0, 0, 0, 0, 0, 0, 0, 0, 0, 0, 0, 0, 0, 0]"
3285,"[4, 3, 4, 2, 0, 2, 0, 0, 0, 2, 0, 18, 0, 0, 14, 2, 3, 2, 9, 5, 8, 4, 4, 4, 2, 0, 0, 0, 5, 2]"
3300,"[2, 6, 0, 6, 9, 6, 0, 0, 3, 1, 8, 4, 3, 9, 8, 0, 7, 3, 3, 6, 2, 8, 4, 8, 8, 3, 5, 2, 1, 6]"
3304,"[329, 238, 230, 240, 209, 259, 297, 346, 350, 229, 265, 306, 182, 282, 190, 407, 264, 221, 310, 315, 267, 393, 294, 226, 205, 275, 641, 290, 255, 378]"
3314,"[17, 19, 21, 16, 12, 13, 6, 20, 23, 13, 14, 24, 12, 24, 10, 11, 12, 9, 10, 22, 17, 20, 21, 8, 18, 14, 10, 25, 20, 13]"
3332,"[0, 0, 0, 0, 0, 0, 0, 0, 0, 0, 0, 0, 0, 0, 0, 0, 0, 0, 0, 0, 0, 0, 0, 0, 0, 0, 0, 0, 0, 0]"
3336,"[83, 85, 80, 76, 102, 65, 64, 79, 78, 95, 345, 207, 31, 36, 72, 57, 40, 47, 186, 116, 79, 88, 73, 72, 89, 48, 58, 51, 48, 47]"
3354,"[0, 1, 0, 0, 0, 0, 0, 0, 0, 0, 0, 0, 0, 0, 0, 0, 0, 0, 0, 0, 0, 0, 0, 0, 0, 0, 0, 0, 0, 0]"
3355,"[2, 2, 5, 0, 0, 0, 6, 7, 2, 1, 0, 0, 0, 4, 13, 3, 0, 2, 9, 0, 6, 0, 7, 4, 0, 1, 4, 0, 2, 0]"
3362,"[0, 0, 0, 0, 0, 0, 0, 0, 0, 0, 0, 0, 0, 0, 0, 0, 0, 0, 0, 0, 0, 0, 0, 0, 0, 0, 0, 0, 0, 0]"
3364,"[1102, 2658, 2482, 2877, 3529, 2084, 2104, 1281, 2155, 3385, 1780, 2104, 2289, 1382, 2706, 1990, 1376, 1949, 1836, 2608, 1686, 2049, 1960, 3118, 1372, 2224, 1124, 1526, 2780, 2121]"
3372,"[58, 59, 0, 0, 0, 0, 0, 0, 0, 0, 20, 0, 14, 9, 0, 0, 6, 15, 40, 47, 0, 0, 0, 0, 0, 0, 0, 0, 13, 13]"
3374,"[24, 36, 45, 46, 49, 60, 72, 56, 36, 49, 37, 49, 52, 51, 58, 61, 53, 56, 64, 85, 66, 39, 48, 48, 49, 58, 50, 33, 50, 36]"
3402,"[6, 2, 3, 0, 10, 9, 1, 0, 6, 13, 0, 3, 11, 11, 0, 12, 0, 9, 0, 8, 0, 0, 5, 0, 0, 7, 13, 0, 1, 2]"
3408,"[415, 262, 320, 563, 454, 506, 544, 323, 181, 361, 787, 653, 456, 438, 221, 302, 323, 283, 286, 730, 238, 438, 371, 439, 444, 416, 525, 312, 531, 755]"
3418,"[28, 46, 51, 75, 111, 101, 80, 68, 77, 73, 36, 43, 61, 52, 80, 92, 100, 65, 62, 48, 125, 71, 36, 65, 65, 55, 95, 90, 53, 89]"
3419,"[74, 226, 64, 76, 60, 56, 76, 91, 141, 61, 69, 70, 79, 39, 46, 19, 44, 67, 65, 47, 68, 60, 18, 22, 63, 80, 48, 66, 40, 27]"
3424,"[57, 64, 89, 47, 72, 60, 112, 73, 78, 69, 102, 117, 91, 62, 104, 114, 63, 83, 73, 78, 82, 82, 93, 68, 72, 60, 72, 86, 76, 53]"
3436,"[0, 0, 0, 0, 0, 0, 0, 0, 0, 0, 0, 0, 0, 0, 0, 0, 0, 0, 0, 0, 0, 0, 0, 0, 0, 0, 0, 0, 0, 0]"
3437,"[0, 0, 5, 5, 5, 0, 0, 4, 7, 6, 0, 0, 1, 10, 0, 4, 0, 0, 2, 2, 1, 1, 0, 0, 2, 2, 0, 0, 2, 5]"
3464,"[3, 5, 3, 4, 2, 5, 2, 5, 10, 3, 4, 6, 1, 1, 4, 1, 1, 5, 16, 3, 4, 2, 1, 3, 9, 5, 7, 2, 6, 2]"
3465,"[16, 41, 31, 21, 43, 40, 34, 15, 29, 34, 13, 28, 24, 20, 34, 40, 39, 26, 22, 24, 52, 49, 20, 28, 31, 42, 29, 22, 35, 26]"
3472,"[6, 4, 13, 15, 0, 15, 9, 9, 41, 19, 2, 4, 3, 14, 7, 1, 1, 0, 0, 7, 1, 4, 1, 1, 24, 0, 14, 3, 4, 14]"
3473,"[25, 39, 1, 17, 26, 33, 9, 18, 85, 15, 39, 47, 4, 25, 23, 51, 5, 5, 26, 27, 53, 52, 21, 7, 17, 5, 17, 31, 14, 36]"
3494,"[116, 146, 166, 129, 125, 142, 125, 145, 112, 130, 120, 145, 104, 92, 127, 139, 108, 123, 147, 124, 125, 133, 142, 155, 136, 153, 122, 156, 107, 114]"
3507,"[574, 535, 491, 446, 514, 564, 518, 512, 527, 497, 542, 527, 442, 575, 514, 559, 542, 484, 547, 529, 772, 654, 430, 477, 474, 492, 547, 440, 434, 491]"
3512,"[0, 420, 0, 0, 0, 0, 0, 0, 0, 0, 0, 0, 0, 0, 158, 0, 0, 0, 0, 0, 0, 0, 0, 0, 0, 0, 0, 0, 0, 0]"
3521,"[36, 226, 763, 27, 52, 47, 71, 42, 151, 109, 106, 135, 89, 261, 51, 116, 130, 144, 274, 251, 144, 170, 171, 59, 29, 195, 227, 136, 44, 79]"
3534,"[0, 0, 0, 0, 0, 0, 0, 0, 0, 4, 1, 0, 0, 0, 1, 0, 1, 0, 0, 0, 1, 1, 0, 0, 0, 0, 4, 0, 0, 0]"
3561,"[289, 456, 499, 505, 475, 441, 511, 442, 490, 679, 481, 322, 593, 361, 460, 655, 518, 555, 386, 533, 438, 593, 383, 439, 689, 510, 532, 538, 483, 459]"
3565,"[93, 57, 92, 149, 75, 29, 61, 47, 173, 42, 44, 52, 51, 71, 47, 58, 80, 44, 74, 64, 92, 31, 51, 35, 67, 129, 91, 44, 105, 92]"
3577,"[8, 40, 320, 467, 370, 66, 493, 165, 680, 119, 76, 63, 86, 58, 148, 99, 126, 102, 30, 119, 74, 3041, 58, 146, 202, 1847, 88, 780, 57, 41]"
3601,"[737, 598, 822, 1095, 996, 1042, 873, 1042, 594, 1125, 764, 1025, 1312, 1062, 1060, 1316, 1291, 1351, 645, 721, 1125, 969, 822, 1661, 683, 756, 925, 3959, 1594, 1299]"
3621,"[2, 0, 0, 2, 6, 2, 8, 4, 0, 8, 0, 1, 4, 9, 2, 3, 7, 9, 1, 0, 2, 0, 2, 8, 0, 0, 2, 0, 3, 5]"
3627,"[21, 10, 28, 21, 16, 14, 9, 33, 20, 16, 10, 20, 16, 17, 8, 9, 21, 6, 38, 32, 19, 25, 3, 23, 19, 23, 11, 8, 34, 28]"
3632,"[118, 168, 133, 123, 162, 187, 133, 107, 378, 123, 133, 136, 60, 60, 141, 0, 77, 71, 146, 150, 147, 156, 138, 71, 148, 116, 141, 129, 72, 57]"
3635,"[30, 23, 10, 15, 16, 21, 14, 8, 29, 18, 20, 21, 19, 17, 26, 0, 22, 21, 18, 21, 25, 30, 14, 15, 17, 16, 13, 12, 21, 12]"
3636,"[54, 53, 84, 73, 62, 92, 69, 92, 64, 106, 74, 69, 83, 63, 60, 63, 100, 69, 74, 55, 56, 87, 67, 88, 91, 72, 68, 63, 88, 90]"
3656,"[4, 92, 298, 296, 169, 211, 2, 277, 240, 344, 6, 3, 96, 181, 263, 263, 219, 20, 36, 67, 369, 270, 158, 220, 245, 56, 41, 19, 209, 152]"
3659,"[0, 0, 0, 0, 0, 3, 0, 0, 0, 0, 0, 0, 0, 0, 0, 0, 0, 0, 0, 0, 0, 0, 0, 0, 0, 0, 0, 0, 0, 0]"
3666,"[258, 221, 327, 364, 293, 325, 316, 305, 324, 329, 280, 2784, 333, 331, 333, 290, 277, 236, 287, 269, 471, 400, 2231, 22150, 263, 313, 284, 490, 250, 303]"
3689,"[20, 33, 37, 26, 32, 36, 32, 31, 40, 42, 28, 24, 16, 22, 40, 39, 26, 29, 35, 22, 25, 32, 34, 25, 27, 32, 32, 33, 39, 34]"
3719,"[0, 0, 0, 0, 0, 5, 0, 0, 0, 0, 0, 0, 0, 0, 0, 0, 0, 0, 0, 0, 0, 0, 0, 0, 0, 0, 0, 0, 0, 0]"
3723,"[20, 22, 2, 4, 3, 4, 8, 1, 0, 6, 17, 5, 3, 11, 0, 30, 35, 7, 10, 16, 1, 7, 14, 10, 0, 7, 2, 8, 9, 44]"
3741,"[0, 0, 0, 0, 1, 0, 0, 0, 0, 0, 0, 0, 2, 0, 0, 2, 0, 0, 5, 2, 0, 0, 5, 1, 4, 0, 1, 0, 0, 1]"
3751,"[22, 30, 16, 17, 24, 11, 18, 12, 23, 31, 25, 15, 11, 21, 10, 21, 19, 20, 15, 17, 15, 29, 15, 14, 21, 20, 21, 12, 14, 15]"
3761,"[280, 279, 234, 265, 242, 217, 426, 259, 228, 262, 311, 289, 204, 265, 206, 0, 225, 252, 280, 337, 310, 278, 262, 268, 298, 307, 188, 191, 274, 277]"
3762,"[223, 216, 262, 195, 192, 215, 209, 239, 202, 155, 202, 169, 169, 200, 174, 167, 161, 171, 226, 226, 196, 192, 183, 142, 213, 330, 153, 138, 164, 158]"
3763,"[11, 2, 0, 0, 14, 0, 18, 0, 5, 14, 12, 2, 0, 0, 3, 2, 6, 4, 19, 3, 1, 6, 5, 0, 14, 7, 0, 3, 0, 0]"
3765,"[1, 6, 4, 9, 2, 1, 12, 6, 3, 14, 3, 3, 7, 4, 12, 3, 4, 8, 9, 3, 3, 1, 9, 1, 4, 7, 3, 2, 16, 6]"
3767,"[82, 94, 82, 98, 109, 64, 42, 88, 112, 89, 147, 125, 94, 100, 93, 167, 110, 53, 93, 85, 111, 112, 105, 101, 98, 51, 154, 61, 95, 151]"
3783,"[96, 102, 106, 139, 64, 2, 125, 114, 116, 118, 111, 99, 2, 2, 0, 0, 2, 1, 94, 130, 108, 95, 0, 2, 119, 123, 0, 0, 0, 0]"
3784,"[0, 0, 0, 0, 0, 0, 0, 0, 0, 0, 0, 0, 0, 0, 0, 0, 0, 0, 0, 0, 0, 0, 0, 0, 0, 0, 0, 0, 0, 0]"
3790,"[51, 4, 46, 30, 30, 34, 68, 63, 18, 88, 4, 7, 62, 84, 21, 102, 79, 53, 1, 2, 5, 12, 48, 51, 38, 50, 77, 90, 58, 106]"
3801,"[203, 4, 2, 1, 7, 7, 3, 0, 4, 2, 0, 2, 0, 1, 0, 1, 173, 0, 2, 3, 1, 1, 2, 2, 1, 0, 1, 76, 0, 0]"
3804,"[216, 207, 288, 216, 175, 229, 261, 248, 257, 190, 220, 236, 166, 183, 224, 216, 160, 212, 201, 428, 226, 246, 164, 193, 211, 193, 231, 193, 222, 201]"
3813,"[372, 315, 177, 285, 230, 235, 523, 391, 1636, 852, 629, 482, 284, 449, 650, 277, 456, 142, 293, 372, 672, 659, 245, 327, 573, 248, 303, 187, 267, 617]"
3833,"[53, 128, 66, 118, 123, 138, 336, 973, 101, 54, 157, 68, 105, 115, 66, 123, 109, 94, 54, 82, 56, 97, 106, 70, 88, 185, 98, 50, 100, 104]"
3836,"[32, 52, 75, 63, 70, 42, 60, 48, 71, 72, 55, 65, 46, 56, 50, 69, 55, 59, 58, 30, 61, 48, 47, 81, 63, 42, 47, 45, 35, 67]"
3845,"[45, 38, 44, 36, 33, 8, 22, 16, 11, 29, 18, 14, 7, 13, 21, 17, 17, 14, 25, 15, 22, 13, 18, 29, 2, 16, 5, 5, 8, 18]"
3851,"[422, 505, 365, 436, 361, 372, 364, 442, 408, 423, 429, 403, 368, 393, 341, 364, 498, 304, 455, 473, 437, 442, 401, 384, 389, 421, 390, 363, 376, 394]"
3856,"[29, 69, 24, 44, 24, 22, 32, 27, 30, 9, 47, 14, 49, 37, 70, 22, 5, 14, 46, 25, 55, 42, 18, 2, 5, 29, 14, 22, 42, 21]"
3868,"[2, 0, 6, 14, 10, 10, 2, 5, 2, 1, 8, 18, 13, 14, 52, 0, 8, 7, 4, 4, 0, 0, 9, 5, 6, 2, 6, 186, 13, 39]"
3880,"[164, 250, 238, 198, 184, 160, 157, 211, 169, 168, 217, 198, 214, 223, 302, 205, 247, 181, 175, 168, 191, 171, 174, 280, 154, 142, 191, 255, 188, 209]"
3881,"[990, 975, 1290, 1281, 2273, 2490, 1518, 1362, 1235, 1232, 1064, 1168, 851, 921, 3690, 1635, 808, 916, 997, 1063, 1190, 1181, 885, 873, 1271, 1386, 2537, 3747, 812, 859]"
3897,"[5, 8, 78, 112, 101, 21, 37, 43, 101, 55, 5, 13, 5, 5, 11, 12, 4, 30, 1, 11, 12, 14, 9, 5, 42, 65, 14, 0, 5, 10]"
3903,"[0, 0, 0, 0, 0, 0, 0, 0, 0, 0, 0, 0, 0, 0, 0, 0, 0, 0, 0, 0, 0, 0, 0, 0, 0, 0, 0, 0, 0, 0]"
3907,"[4, 8, 22, 6, 9, 3, 6, 17, 155, 19, 10, 9, 2, 36, 6, 0, 3, 4, 5, 8, 5, 8, 3, 4, 7, 18, 9, 7, 12, 7]"
3910,"[0, 0, 0, 0, 0, 0, 0, 0, 0, 0, 0, 0, 0, 0, 0, 0, 0, 0, 0, 0, 0, 0, 0, 0, 0, 0, 0, 0, 0, 0]"
3913,"[777, 542, 668, 620, 822, 1515, 804, 756, 654, 742, 601, 785, 582, 957, 752, 831, 755, 915, 566, 696, 812, 778, 596, 589, 634, 623, 795, 858, 727, 668]"
3924,"[201, 168, 219, 178, 219, 265, 285, 205, 252, 242, 284, 136, 232, 188, 208, 179, 202, 226, 181, 187, 252, 225, 283, 224, 233, 207, 185, 159, 198, 218]"
3929,"[6, 9, 41, 37, 44, 23, 8, 49, 44, 52, 12, 6, 9, 23, 34, 18, 23, 1, 34, 25, 42, 45, 395, 47, 35, 3, 2, 10, 40, 36]"
3931,"[0, 0, 0, 0, 0, 0, 0, 0, 0, 0, 0, 0, 0, 0, 0, 0, 0, 0, 0, 0, 0, 0, 0, 0, 0, 0, 0, 0, 0, 0]"
3935,"[261, 229, 214, 185, 224, 213, 262, 164, 285, 241, 210, 230, 206, 234, 266, 203, 142, 263, 205, 268, 287, 192, 181, 154, 258, 262, 195, 162, 226, 204]"
3954,"[118, 119, 116, 112, 94, 82, 145, 174, 185, 173, 88, 155, 71, 86, 112, 78, 112, 90, 168, 173, 115, 146, 67, 59, 132, 101, 83, 167, 141, 82]"
3955,"[154, 638, 102, 145, 159, 261, 1085, 349, 253, 347, 379, 692, 335, 555, 475, 343, 824, 974, 1774, 910, 1182, 466, 210, 403, 471, 1238, 282, 234, 549, 426]"
3967,"[0, 0, 0, 0, 2, 0, 0, 0, 2, 0, 0, 2, 0, 0, 0, 2, 0, 0, 1, 1, 0, 2, 0, 0, 0, 3, 0, 0, 0, 0]"
3969,"[14, 18, 23, 55, 60, 24, 57, 80, 50, 43, 60, 54, 19, 26, 37, 16, 38, 28, 32, 43, 38, 62, 18, 30, 43, 43, 32, 21, 20, 24]"
3977,"[766, 819, 1198, 898, 1179, 1141, 908, 1275, 1245, 1266, 961, 1180, 951, 1080, 1411, 1396, 1051, 1013, 1137, 1122, 1164, 1407, 1316, 1513, 1165, 1195, 1081, 1123, 1140, 996]"
3980,"[206, 849, 190, 840, 178, 281, 501, 109, 262, 149, 230, 143, 205, 183, 153, 679, 543, 399, 254, 614, 179, 663, 230, 382, 1114, 334, 259, 147, 625, 219]"
4002,"[604, 537, 543, 584, 623, 546, 555, 617, 501, 457, 604, 558, 495, 510, 480, 548, 595, 526, 465, 522, 553, 596, 568, 485, 471, 596, 526, 412, 428, 484]"
4007,"[0, 0, 1, 0, 0, 0, 0, 0, 0, 0, 0, 0, 0, 0, 2, 0, 0, 0, 0, 0, 0, 43, 0, 0, 0, 1, 0, 0, 0, 0]"
4009,"[15, 11, 27, 17, 152, 33, 17, 44, 11, 12, 15, 26, 24, 19, 35, 23, 28, 21, 28, 72, 31, 78, 15, 36, 36, 27, 42, 46, 19, 38]"
4018,"[67, 85, 25, 51, 41, 39, 31, 21, 28, 28, 16, 14, 67, 101, 38, 75, 121, 117, 37, 18, 17, 21, 62, 59, 33, 23, 31, 66, 133, 74]"
4032,"[6716, 4367, 648, 1245, 3136, 4080, 867, 631, 2151, 3013, 796, 3732, 3268, 2749, 1668, 0, 3020, 3963, 3586, 3315, 1963, 3299, 1796, 2497, 1888, 3546, 2813, 1775, 2540, 3236]"
4041,"[212, 400, 195, 227, 210, 193, 302, 302, 132, 133, 277, 123, 249, 261, 206, 204, 240, 218, 251, 328, 67, 92, 319, 232, 162, 184, 249, 184, 166, 169]"
4058,"[0, 0, 13, 16, 0, 1, 1, 216, 8, 0, 0, 0, 1, 592, 173, 0, 395, 0, 0, 0, 7, 11, 17, 13, 0, 4, 2, 0, 14, 2]"
4060,"[0, 0, 0, 0, 0, 0, 0, 0, 0, 0, 0, 0, 0, 0, 0, 0, 0, 0, 0, 0, 0, 0, 0, 0, 0, 0, 0, 0, 0, 0]"
4070,"[698, 1120, 139, 93, 128, 119, 136, 119, 131, 87, 352, 857, 105, 85, 84, 122, 108, 350, 132, 117, 634, 99, 71, 109, 118, 133, 118, 87, 118, 88]"
4071,"[144543, 181169, 364733, 55783, 97827, 12060, 0, 1021639, 54321, 50955, 38528, 59299, 249, 275, 1505, 485, 764, 4238, 173575, 163497, 37893, 74276, 374, 495, 43307, 50615, 6667, 19391, 165, 237]"
4087,"[155, 137, 154, 137, 108, 133, 159, 118, 454, 131, 155, 152, 246, 136, 162, 124, 119, 138, 161, 134, 153, 122, 124, 141, 99, 198, 158, 118, 134, 125]"
4099,"[8, 10, 3, 12, 6, 5, 5, 8, 5, 9, 10, 8, 5, 3, 7, 12, 12, 6, 6, 6, 7, 7, 5, 7, 8, 5, 11, 8, 10, 8]"
4103,"[8, 2, 6, 12, 14, 12, 5, 4, 5, 5, 4, 5, 5, 3, 6, 6, 2, 5, 8, 5, 7, 6, 7, 5, 11, 8, 4, 8, 7, 11]"
4104,"[129, 169, 158, 1660, 122, 139, 128, 247, 148, 157, 110, 125, 129, 216, 173, 0, 103, 118, 217, 133, 149, 149, 104, 132, 129, 145, 148, 119, 101, 164]"
4106,"[632, 749, 72, 43, 39, 50, 45, 133, 704, 616, 590, 552, 32, 48, 41, 30, 26, 64, 709, 627, 818, 750, 21, 46, 0, 53, 24, 28, 23, 43]"
4115,"[15, 5, 258, 384, 284, 383, 0, 272, 637, 422, 0, 8, 35, 330, 344, 247, 406, 56, 221, 72, 272, 329, 439, 547, 204, 18, 17, 9, 230, 187]"
4119,"[415, 459, 470, 540, 514, 556, 614, 421, 640, 572, 480, 649, 523, 573, 582, 746, 638, 738, 517, 466, 581, 529, 655, 792, 565, 597, 512, 609, 569, 591]"
4129,"[1227, 1966, 2304, 2137, 2429, 2418, 1622, 2148, 2257, 2740, 2066, 1821, 1569, 2205, 2256, 2009, 2270, 1898, 1633, 1904, 2380, 2491, 2283, 2309, 2301, 1972, 1754, 1529, 2138, 1880]"
4139,"[500, 465, 468, 347, 317, 400, 512, 1299, 693, 481, 473, 450, 477, 360, 323, 388, 389, 339, 399, 395, 639, 724, 310, 325, 475, 430, 454, 289, 399, 368]"
4147,"[4, 17, 12, 3, 9, 1, 8, 19, 18, 4, 5, 9, 13, 1, 9, 15, 3, 1082, 17, 3, 24, 28, 5, 2, 3, 5, 3, 97, 3, 3]"
4164,"[2807, 2443, 3441, 3351, 4065, 3533, 2219, 3728, 3381, 3416, 3245, 1712, 1410, 4201, 3096, 3242, 3081, 2952, 3104, 4030, 4124, 3590, 5385, 3676, 3603, 3016, 2983, 1532, 3191, 3037]"
4176,"[165, 185, 166, 165, 172, 140, 140, 170, 214, 199, 197, 205, 182, 221, 141, 196, 212, 204, 207, 189, 238, 230, 230, 275, 184, 209, 136, 140, 194, 206]"
4187,"[0, 0, 0, 0, 0, 0, 1, 0, 0, 0, 0, 0, 0, 0, 1, 1, 5, 0, 0, 0, 0, 0, 1, 1, 0, 0, 0, 0, 0, 0]"
4215,"[117, 0, 76, 47, 88, 32, 65, 99, 74, 81, 0, 120, 77, 11, 42, 52, 117, 94, 0, 0, 161, 62, 79, 0, 90, 52, 14, 82, 0, 19]"
4221,"[138, 158, 133, 101, 118, 77, 197, 304, 72, 92, 121, 88, 92, 112, 126, 67, 109, 64, 8138, 78, 81, 103, 110, 116, 95, 92, 97, 63, 85, 87]"
4262,"[30, 31, 32, 41, 43, 42, 36, 34, 66, 65, 31, 55, 65, 55, 36, 45, 98, 71, 44, 37, 42, 48, 49, 44, 37, 38, 46, 38, 47, 57]"
4266,"[412, 986, 380, 666, 4260, 1500000, 288, 843, 719, 491, 737, 501, 551, 796, 2146, 346, 828, 523, 776, 1801, 607, 775, 686, 582, 285, 469, 218882, 1528, 413, 0]"
4272,"[24, 6, 9, 22, 6, 5, 14, 13, 16, 6, 8, 12, 20, 14, 14, 20, 21, 4, 30, 36, 9, 9, 114, 9, 11, 16, 22, 13, 14, 14]"
4276,"[541, 412, 357, 385, 324, 463, 478, 302, 302, 321, 468, 432, 316, 246, 27528, 236, 303, 272, 382, 379, 316, 355, 241, 289, 309, 263, 1218, 2603, 256, 223]"
4283,"[275, 288, 374, 297, 251, 306, 305, 271, 326, 347, 311, 413, 247, 268, 253, 350, 227, 255, 300, 282, 302, 312, 264, 303, 287, 290, 323, 263, 224, 245]"
4286,"[419, 404, 581, 422, 411, 355, 715, 698, 406, 440, 461, 415, 91, 93, 677, 0, 86, 85, 388, 400, 362, 462, 90, 122, 492, 649, 520, 598, 91, 85]"
4303,"[13, 28, 7, 6, 26, 53, 17, 15, 22, 14, 3, 27, 0, 0, 22, 18, 41, 6, 23, 11, 13, 21, 23, 13, 26, 21, 23, 20, 0, 1]"
4306,"[25, 34, 30, 25, 31, 67, 34, 28, 29, 23, 31, 42, 44, 37, 32, 37, 23, 23, 19, 20, 39, 22, 28, 26, 31, 35, 11, 27, 24, 33]"
4312,"[0, 0, 0, 1, 2, 0, 1, 0, 2, 0, 0, 1, 1, 0, 0, 0, 1, 0, 0, 1, 1, 0, 0, 0, 0, 1, 0, 0, 0, 0]"
4313,"[343, 339, 317, 328, 367, 378, 474, 366, 400, 818, 351, 280, 319, 360, 356, 426, 316, 279, 492, 354, 381, 366, 437, 401, 402, 393, 385, 405, 362, 323]"
4316,"[0, 0, 159, 108, 144, 174, 73, 263, 23, 68, 0, 42, 128, 151, 84, 0, 117, 44, 0, 0, 79, 116, 119, 83, 49, 40, 71, 66, 55, 114]"
4345,"[15, 21, 28, 40, 25, 17, 33, 50, 50, 46, 21, 29, 33, 30, 35, 30, 22, 23, 14, 25, 46, 50, 36, 45, 45, 44, 27, 68, 33, 41]"
4350,"[21, 6, 88, 86, 119, 45, 10, 79, 77, 58, 12, 8, 10, 129, 87, 0, 75, 7, 38, 9, 61, 61, 127, 89, 41, 32, 14, 22, 33, 103]"
4352,"[165, 179, 150, 157, 211, 124, 223, 162, 219, 180, 212, 237, 219, 142, 162, 0, 255, 210, 162, 207, 242, 233, 170, 234, 223, 266, 148, 186, 239, 204]"
4363,"[0, 1, 1, 0, 0, 0, 0, 0, 0, 0, 0, 1, 0, 0, 0, 0, 0, 0, 0, 0, 0, 2, 0, 0, 0, 0, 1, 0, 0, 0]"
4392,"[26, 29, 35, 47, 31, 28, 36, 36, 41, 51, 51, 41, 43, 33, 45, 30, 37, 44, 30, 37, 38, 47, 40, 39, 33, 31, 71, 51, 43, 35]"
4398,"[23, 18, 18, 19, 13, 19, 22, 14, 28, 7, 17, 19, 9, 4, 15, 9, 14, 13, 23, 11, 14, 13, 13, 20, 13, 12, 12, 15, 6, 10]"
4416,"[0, 0, 0, 0, 0, 1, 0, 0, 0, 0, 0, 0, 7, 3, 9, 0, 9, 5, 0, 0, 0, 0, 7, 15, 0, 0, 1, 3, 1, 7]"
4429,"[16, 6, 18, 15, 8, 13, 23, 6, 14, 12, 42, 35, 10, 3, 11, 6, 49, 14, 13, 10, 10, 5, 19, 9, 13, 4, 11, 7, 14, 6]"
4434,"[33, 67, 28, 47, 28, 30, 36, 60, 49, 36, 31, 34, 32, 33, 53, 41, 76, 58, 50, 35, 34, 33, 42, 58, 45, 45, 50, 42, 33, 42]"
4435,"[79, 134, 31, 29, 79, 62, 65, 242, 37, 42, 22, 52, 62, 73, 36, 94, 34274, 29061, 6, 15, 43, 31, 56, 37, 18732, 78, 64, 33, 89, 70]"
4450,"[0, 0, 0, 0, 0, 0, 0, 0, 0, 0, 0, 0, 0, 0, 0, 0, 0, 0, 0, 0, 0, 0, 0, 0, 0, 0, 0, 0, 0, 0]"
4456,"[0, 0, 0, 0, 0, 0, 0, 0, 0, 0, 0, 0, 0, 0, 0, 0, 0, 0, 0, 0, 0, 0, 0, 0, 0, 0, 0, 0, 0, 0]"
4462,"[328, 798, 1391, 780, 1003, 874, 676, 1201, 843, 1621, 1533, 1500, 844, 1136, 841, 1063, 1167, 774, 1054, 1565, 1220, 1068, 1295, 1277, 1194, 1180, 1040, 1041, 1242, 680]"
4488,"[169, 131, 934, 172, 230, 156, 586, 1516, 147, 171, 158, 142, 335, 125, 300, 129, 93, 121, 162, 118, 145, 276, 203, 0, 126, 112, 128, 133, 73, 109]"
4493,"[7, 0, 0, 0, 0, 20, 0, 0, 0, 0, 1, 0, 0, 0, 0, 0, 0, 0, 0, 1, 0, 0, 5, 0, 0, 0, 0, 0, 0, 0]"
4504,"[44, 44, 51, 36, 53, 45, 37, 44, 56, 42, 42, 56, 37, 37, 49, 49, 61, 64, 56, 47, 44, 43, 35, 48, 42, 41, 53, 50, 30, 34]"
4509,"[472, 701, 1174, 1198, 929, 986, 539, 1021, 855, 1070, 691, 560, 756, 1129, 1122, 1202, 1175, 793, 697, 844, 886, 878, 1102, 1117, 1187, 688, 911, 687, 1149, 1226]"
4541,"[85, 80, 91, 96, 78, 112, 106, 78, 90, 72, 84, 115, 123, 109, 87, 96, 106, 98, 77, 74, 105, 93, 94, 75, 81, 117, 88, 100, 105, 96]"
4582,"[0, 0, 0, 0, 0, 0, 0, 0, 0, 0, 0, 0, 0, 0, 0, 0, 0, 0, 0, 0, 0, 0, 0, 0, 0, 0, 0, 0, 0, 0]"
4600,"[1066, 1074, 996, 3528, 975, 872, 13176, 2200, 866, 10884, 890, 1127, 1259, 939, 1246, 804, 1146, 719, 1029, 999, 1970, 10705, 882, 778, 3040, 2432, 723, 2253, 784, 3929]"
4610,"[451, 396, 557, 606, 661, 610, 609, 712, 666, 675, 493, 527, 592, 515, 562, 622, 551, 600, 501, 489, 609, 570, 588, 671, 624, 674, 594, 573, 644, 650]"
4613,"[0, 0, 0, 0, 0, 4, 0, 2, 0, 0, 0, 0, 0, 0, 4, 0, 0, 0, 0, 0, 0, 0, 0, 0, 0, 0, 0, 0, 0, 0]"
4614,"[284, 225, 336, 334, 314, 493, 779, 419, 323, 210, 236, 289, 360, 333, 209, 277, 361, 319, 155, 339, 298, 321, 231, 317, 265, 508, 557, 570, 279, 200]"
4617,"[0, 0, 0, 0, 0, 0, 0, 0, 0, 0, 4, 0, 0, 0, 0, 0, 0, 0, 0, 4, 0, 0, 5, 0, 0, 0, 0, 0, 0, 0]"
4622,"[523, 658, 371, 352, 324, 439, 818, 447, 749, 569, 508, 509, 466, 521, 375, 402, 476, 360, 532, 629, 583, 621, 389, 445, 658, 562, 408, 377, 448, 476]"
4625,"[177, 93, 217, 204, 267, 152, 7500, 160, 1483, 175, 229, 173, 18375, 46424, 142, 4203, 144, 286, 221, 151, 136, 257, 294, 15146, 150, 223, 507, 116, 129, 242]"
4627,"[0, 0, 0, 0, 0, 32, 0, 0, 0, 0, 0, 0, 0, 0, 0, 0, 0, 0, 0, 0, 0, 0, 0, 0, 0, 0, 49, 0, 0, 0]"
4639,"[6826, 14052, 9189, 8856, 10334, 8110, 27454, 8685, 11147, 10597, 8160, 9226, 5841, 8251, 8939, 9049, 8630, 6891, 10787, 10965, 7960, 9324, 7641, 11113, 9270, 11016, 17849, 8064, 9788, 8022]"
4648,"[0, 0, 0, 0, 0, 0, 0, 0, 0, 0, 0, 0, 0, 0, 0, 0, 0, 0, 0, 0, 0, 0, 0, 0, 0, 0, 0, 0, 0, 0]"
4649,"[0, 3, 7, 8, 12, 17, 0, 6, 5, 25, 15, 0, 4, 3, 17, 14, 15, 2, 0, 8, 13, 9, 0, 8, 3, 7, 0, 0, 4, 5]"
4652,"[0, 0, 0, 0, 0, 0, 0, 0, 0, 0, 0, 0, 0, 0, 0, 0, 0, 0, 0, 0, 0, 0, 0, 0, 0, 0, 0, 0, 0, 0]"
4673,"[69, 31, 83, 54, 69, 52, 91, 53, 68, 62, 375, 43, 61, 64, 54, 114, 59, 65, 1194, 58, 55, 78, 112, 144, 61, 52, 50, 61, 47, 69]"
4698,"[855, 1655, 2136, 2241, 1806, 1484, 663, 2026, 1813, 2013, 1795, 1250, 1124, 1786, 1664, 1765, 1776, 2025, 1518, 1454, 2134, 1797, 1396, 1667, 1744, 1886, 1603, 734, 1645, 1653]"
4706,"[101, 117, 55, 71, 46, 43, 59, 49, 39, 118, 31, 38, 38, 66, 28, 40, 119, 58, 147, 53, 71, 31, 43, 59, 58, 52, 62, 66, 46, 39]"
4742,"[20, 7, 3, 1, 0, 0, 2, 3, 7, 2, 2, 0, 3, 0, 2, 16, 4, 6, 14, 14, 8, 42, 9, 0, 2, 6, 0, 0, 0, 0]"
4744,"[8, 8, 3, 0, 4, 2, 21, 10, 8, 18, 23, 12, 0, 2, 0, 4, 11, 7, 11, 10, 6, 20, 2, 6, 9, 15, 0, 0, 2, 2]"
4747,"[0, 0, 0, 0, 0, 0, 0, 0, 0, 0, 0, 20, 0, 0, 0, 0, 0, 0, 0, 0, 0, 0, 0, 0, 0, 0, 0, 0, 484, 1829]"
4754,"[8820, 6670, 1999, 4324, 6458, 10974, 4937, 3292, 1653, 1022, 15898, 1527, 989, 1517, 1859, 1692, 5468, 1828, 3764, 12286, 7452, 1667, 7577, 10926, 954, 13708, 4977, 1305, 1036, 2023]"
4759,"[0, 7, 8, 7, 2, 13, 13, 2, 6, 8, 0, 13, 69, 15, 46, 0, 28, 14, 7, 0, 13, 14, 27, 162, 1, 0, 34, 42, 22, 8]"
4763,"[192, 225, 202, 139, 157, 179, 133, 142, 167, 206, 219, 174, 146, 313, 483, 513, 182, 188, 162, 188, 200, 149, 156, 177, 191, 167, 177, 193, 272, 198]"
4766,"[0, 0, 0, 0, 0, 0, 0, 0, 0, 0, 0, 0, 0, 0, 0, 0, 0, 0, 0, 0, 0, 0, 0, 0, 0, 0, 0, 0, 0, 0]"
4787,"[0, 0, 0, 0, 0, 0, 0, 1, 0, 0, 0, 0, 0, 0, 0, 0, 0, 0, 139, 0, 0, 0, 0, 0, 0, 0, 0, 0, 1, 0]"
4788,"[4740, 4688, 4274, 4838, 5245, 5168, 4376, 4736, 5471, 5649, 5176, 4875, 5259, 5403, 5080, 5317, 4846, 5032, 5396, 5433, 5104, 4919, 5409, 5101, 5182, 4950, 5052, 5327, 5088, 4973]"
4792,"[140, 120, 112, 109, 126, 65, 127, 146, 114, 83, 126, 141, 108, 91, 89, 83, 68, 78, 109, 81, 127, 133, 58, 86, 88, 108, 75, 90, 94, 91]"
4829,"[1, 3, 5, 1, 0, 2, 2, 1, 6, 0, 0, 6, 3, 0, 1, 3, 0, 2, 2, 11, 10, 2, 3, 4, 0, 0, 0, 0, 2, 2]"
4831,"[3, 4, 4, 2, 2, 6, 5, 7, 2, 5, 7, 7, 4, 4, 11, 5, 2, 5, 3, 4, 3, 8, 6, 6, 10, 6, 6, 1, 3, 2]"
4838,"[103, 113, 151, 198, 166, 163, 209, 130, 184, 198, 265, 224, 241, 170, 156, 173, 205, 485, 146, 174, 194, 185, 193, 185, 184, 217, 234, 228, 127, 191]"
4841,"[322, 316, 169, 132, 158, 178, 190, 173, 163, 312, 375, 233, 177, 148, 130, 206, 153, 135, 213, 259, 128, 192, 157, 180, 302, 242, 285, 184, 147, 180]"
4858,"[373, 389, 234, 317, 288, 214, 208, 195, 224, 253, 140, 220, 318, 303, 439, 318, 362, 279, 343, 257, 266, 231, 240, 343, 241, 247, 341, 476, 195, 186]"
4881,"[0, 0, 0, 0, 0, 0, 0, 0, 0, 0, 0, 0, 0, 0, 0, 0, 0, 0, 0, 0, 0, 0, 0, 0, 0, 0, 0, 0, 0, 0]"
4885,"[124, 111, 138, 109, 97, 120, 1885, 1058, 45, 243, 42, 28, 58, 107, 215, 0, 119, 78, 51, 62, 60, 243, 176, 86, 3885, 2578, 178, 96, 150, 914]"
4888,"[336, 390, 271, 358, 275, 331, 434, 258, 361, 319, 444, 437, 483, 519, 727, 336, 271, 427, 421, 433, 470, 302, 392, 430, 340, 237, 337, 495, 427, 326]"
4889,"[7, 0, 0, 40, 0, 0, 16, 0, 123, 81, 1398, 1553, 821, 237, 638, 0, 0, 58, 0, 0, 335, 354, 0, 0, 0, 17, 0, 1236, 162, 0]"
4933,"[66, 92, 196, 88, 114, 101, 106, 66, 70, 358, 89, 108, 57, 100, 94, 259, 71, 88, 77, 75, 64, 92, 73, 75, 95, 83, 86, 88, 83, 292]"
4963,"[105, 619, 1734, 1547, 1694, 1800, 1793, 1953, 1841, 1503, 1493, 2233, 1766, 1373, 1970, 0, 2251, 2026, 1553, 2026, 2229, 2424, 2240, 1495, 1645, 2267, 2387, 1569, 1869, 1599]"
4968,"[67, 75, 109, 127, 127, 276, 84, 82, 62, 72, 56, 31, 78, 978, 91, 93, 67, 86, 109, 118, 48, 58, 74, 82, 73, 73, 58, 31, 134, 84]"
4971,"[0, 0, 0, 0, 0, 0, 0, 0, 0, 0, 0, 0, 0, 0, 0, 0, 0, 0, 0, 0, 0, 0, 0, 0, 0, 0, 0, 0, 0, 0]"
4977,"[2, 1, 0, 3, 0, 0, 1, 1, 1, 5, 0, 1, 0, 0, 0, 1, 4, 0, 1, 6, 1, 0, 0, 0, 3, 2, 0, 0, 1, 1]"
4979,"[64, 56, 40, 57, 58, 57, 43, 55, 89, 40, 39, 25, 36, 49, 69, 59, 43, 39, 48, 63, 41, 75, 51, 51, 34, 56, 45, 53, 38, 60]"
